Ar-O,low
4.935259210771227,0.017414960660497743
2.9682401478471143,0.10667369540100878
6.236478554480886,0.13670412683892905
5.181696273566741,0.01851753881928278
6.814199413056181,0.019848583776944404
5.873025242632625,0.27048558752716473
4.014034004589398,0.41126600724078016
6.497280723318026,0.3543288482364509
7.8619594615464665,0.08821177665478777
7.287293521086371,0.019962844389027963
3.898263996622829,0.09641233606883712
2.4537732210273004,0.40395705610547944
3.7866077004226355,0.4679895568606788
7.915242380232332,0.020091091651125593
2.5757881062696133,0.5374077896071126
3.7952547720076133,0.010374313792966975
3.7211457711074147,0.4012341759526999
4.005095018961772,0.510950893467509
4.998224881895571,0.20618086406579866
5.699999998639214,0.01843751013102881
7.4162351314952915,0.4830042283530291
5.00000000116676,0.01656512185719555
3.9,0.0020162004513115373
4.343095812646205,0.3606421347480289
7.112835018600179,0.22764316467975446
3.5324880711232973,0.08362818191007004
4.5074040006416105,0.12626107708113102
3.9979002812257582,0.720476581129768
5.975864573246281,0.1872927605848328
4.429425428043687,0.26737714924276373
7.08616000517522,0.019777534847087948
7.584999176723753,0.27330525858119253
7.7869667457441345,0.049639772706529785
3.964103696806372,0.2852516557943104
6.037110304955107,0.01940479327896544
2.746160000307558,0.12079128912194545
3.850185366060966,0.01304785970449112
7.618600822128817,0.020088261665948463
7.106528305023486,0.3391499288182111
7.762871897371488,0.46526583315456577
7.110702151852234,0.7469864306269406
7.617035371514301,0.12114373099714908
5.0,0.017951759676820462
5.641861998533818,0.3370264066560793
6.237904824746847,0.3080105789675025
6.984403695664679,0.019766813562920173
2.719635312849868,0.33504797560852195
5.018445276178669,0.5818494528355604
4.37732732439556,0.2752048310331982
6.011548064966295,0.43560501397750767
8.770589527062874,0.5421693468167491
6.287458263352528,0.18034977538607574
3.1945596222327732,0.21911642237895143
7.095448631571677,0.019833998473483157
6.354194522308945,0.46229056739367713
2.9547604909714287,0.09459037049257259
7.399142421870591,0.3037959978301998
5.327283353670618,0.01854777066832652
2.5563938527543053,0.6694284831261107
7.2548544659007455,0.4419143548364968
6.625080805877012,0.5394703310510052
4.104536410180814,0.4136828137220356
3.9,0.0020162004513115373
4.200000003555344,0.009657239343606433
4.945824346062039,0.09325361114235975
5.596959741093669,0.01851734833849988
5.000000000933408,0.018146076185162886
5.919991960607801,0.5817591382438079
6.012753306086385,0.23879273086933614
2.5868153739492112,0.28582709497881925
5.724982186400233,0.2731676233911267
8.312180439652979,0.020139310228062833
3.57400505797068,0.13459323076260687
8.27024093134535,0.5467599076769222
7.413076020194721,0.5057487567004493
5.082177305053416,0.17777217682246638
6.19626755297784,0.019206041315167996
5.734414999939632,0.018516695265949335
7.46166018346621,0.4081786577804345
4.993242930240827,0.4218315082348292
8.026218888576986,0.28483915839059
3.536770092675857,0.002833902607021729
3.5710057612196597,0.4580714963787224
3.953476008931128,0.23347900020877907
7.167161791567239,0.21665303000522868
3.2166341218889043,0.4632545307535705
5.2000000000694815,0.01814365437265003
3.043654279486221,0.061780867389555856
8.996136714472204,0.02020717542536841
7.863997365279443,0.6811877748462278
6.290528809893047,0.019623246288421745
3.499999997189284,0.009543196423404251
3.7117210448121614,0.001528082603693704
6.156142778306884,0.24890214181896544
8.228429705783784,0.19942199110208728
5.429247542947365,0.4098175451495826
4.381844276971703,0.013835248374768572
3.0412430813463587,0.05574456557896843
4.031461462055414,0.01045494113157454
5.646416026748738,0.3081638879173429
2.744765191407909,0.4205037830652108
2.6,0.7493878354624998
2.7644179975245766,0.3641499001252777
2.541906033764218,0.7249810995870527
2.8,0.34063213302727857
2.8,0.34063213302727857
2.8,0.34063213302727857
2.8,0.34063213302727857
2.8,0.34063213302727857
2.8,0.34063213302727857
2.8,0.34063213302727857
2.8,0.34063213302727857
2.8,0.34063213302727857
2.8,0.34063213302727857
2.8,0.34063213302727857
2.8,0.34063213302727857
2.768819317939993,0.6215084156050259
2.761001857090492,0.3904254323755301
2.7752737558551734,0.37738388571394377
2.761001829096492,0.3978872570769084
2.774637849434522,0.36160688723596524
2.77463783469675,0.36300639604128604
2.8032644443522714,0.5939057296244102
2.7,0.5022651278243144
2.693760354952462,0.5052624620180842
2.77463783411016,0.366723852361475
2.610799638482778,0.5893287200366757
2.774637815661031,0.37156788728607043
2.500000000466704,0.9840559732531041
2.6718121595115516,0.5610560625131313
2.7549768443958627,0.37986798595015614
2.5755096475677464,0.5972718053146103
2.774637808096078,0.3794054740184377
2.7746377899818,0.38056443417032254
2.7238062727386905,0.4100231815955399
2.718934885055758,0.41467787969231107
2.601390658719073,0.582585221507562
2.69999999981122,0.43467767714595185
2.502871271939613,0.9498221445600037
2.592355474492817,0.5750061429423321
2.7610018833020926,0.3837929290926537
2.7752737626852935,0.37671034947999205
2.7034464748214906,0.5009916077351693
2.7610018806934855,0.3854016662460535
2.744446262035645,0.3969468315708689
2.761001873100775,0.40347345534970563
2.7610018823218523,0.4034581897625954
2.744765183629265,0.4035178099073494
2.610799634648234,0.557624543441232
2.744765183764136,0.43123184488157607
2.671812159639296,0.4825577167173605
2.7007299748478792,0.45212232542733666
2.5260681936019194,0.7800281829117384
2.5419060287707764,0.8529311602017188
2.7244749332890517,0.432389117926794
2.6322781286727803,0.6739642402523635
2.671812163536175,0.4942830214166278
2.7344149995119733,0.45123430904761597
2.6094119475048037,0.7510751591004665
2.734415002120501,0.430815864420128
2.5923554733052394,0.8063006946991244
2.5514485563645706,0.8339299934155636
2.7045040470225747,0.47067591933570185
2.6,0.7833294955038883
2.6,0.7833294955038883
2.6,0.7833294955038883
2.6,0.7833294955038883
2.6,0.7833294955038883
2.6,0.7833294955038883
2.6,0.7833294955038883
2.6,0.7833294955038883
2.6,0.7833294955038883
2.6,0.7833294955038883
2.6,0.7833294955038883
2.6,0.7833294955038883
2.5803503650048394,0.7662164723846365
2.571434514956206,0.7692255618997841
2.592355474104587,0.7874093802776027
2.600000000138962,0.6585505682065342
2.6718121591805333,0.5847839559378334
2.5923554781740266,0.7008016876288783
2.5914206990865245,0.709186957934514
2.6313936979829777,0.6018446787751602
2.611407102338378,0.6534933320732661
2.608134326734356,0.7085075440445138
2.7,0.5204408916303643
2.7,0.5204408916303643
2.7,0.5204408916303643
2.7,0.5204408916303643
2.7,0.5204408916303643
2.7,0.5204408916303643
2.7,0.5204408916303643
2.7,0.5204408916303643
2.7,0.5204408916303643
2.7,0.5204408916303643
2.7,0.5204408916303643
2.7,0.5204408916303643
2.684415004117051,0.5511036884740499
2.618230257174699,0.6885083452443203
2.6718121591371427,0.5566917099090064
3.052803768488895,0.41542107707462916
2.3912691701479356,0.7653852461675863
4.34677005201979,0.9482658165329227
4.489457810560202,0.9010142239288825
2.954800588254415,0.5841899041670725
2.9529850145777914,0.5479700524464137
2.786133971904438,0.3199633436426285
2.9359831193774975,0.44072423764893937
2.6987629432945752,0.768614530221054
3.2375011420692967,0.5191780384062836
2.6109908032967097,0.651536887822201
2.5804818513294334,0.843185701545691
2.707195429978471,0.6911925852289137
2.8726788282019973,0.22269107334467994
2.8952473218880628,0.6095348070057307
4.563923758699854,0.8370424861969475
2.859286155974135,0.4373220796585584
2.779989042244592,0.4027365982213908
2.4718827372943664,0.943872701491446
4.487048066950587,0.7302192370148107
2.497219237552041,0.8351684108133538
3.104236228865323,0.29344854167294276
2.6989936298739208,0.6647351448611535
2.5026247612650745,0.704591281335237
2.95627032911345,0.8405984701511334
2.466612163426268,0.9683229211662921
2.5747904191409443,0.4850295174102256
2.354535972166278,0.9924917206815991
3.0600341517702048,0.34157522525190437
2.854327033277722,0.6877237865561263
2.711637011866632,0.6549771417526115
2.9237626585286267,0.5135021514062794
2.778250845298171,0.46586576258756224
3.459859336533784,0.6913378123958869
2.670671077394658,0.8151097823460954
2.749102413906126,0.36796681406220755
2.943180359683212,0.5782692507469652
2.854381972003747,0.4681251511997976
3.2811175411588045,0.42417764674470043
2.415921607131512,0.9602986371074012
2.8990081815617996,0.3497035656464885
2.7383981568427918,0.6056814298101478
3.286566142828532,0.8094025750407342
2.6746020659177074,0.8951868511411972
2.7188511866963223,0.744857384556134
3.118036461754256,0.6280588765597998
2.500000000466704,0.7760025304326893
2.423989045456596,0.7951038623334263
2.433810605035303,0.919655465710414
3.306775398195065,0.8847032292055663
2.5949448135826882,0.8706192959692042
2.9378737013357124,0.39045631730021796
2.8098968463806635,0.6232648561632023
2.689382102361061,0.46397982304129054
2.811922428695358,0.8699944953292478
2.663032808841636,0.6065380986734129
2.4642536975786467,0.8681176171746691
3.0435435810795037,0.516966160876238
3.1984182814652993,0.48614817749835587
2.469156971795397,0.7687948600762887
2.5688547449012358,0.6859925981602885
2.463498656552816,0.8047693195153922
3.0470483951686753,0.44388655447753833
3.171100039749614,0.4326591365123293
3.143625292747234,0.5420189494853813
2.6091911447268226,0.9158823893140698
4.460782156126995,0.8525522688603758
4.423613977349289,0.8065230661469774
4.4251973197987455,0.9184325043774235
2.516761577625359,0.7296481244413631
2.951703903188801,0.5809547968766597
2.4067885473506805,0.926959546006497
2.70690575133306,0.47391842811914564
3.0634389778649203,0.43594153718995693
3.255062104495858,0.6283645420617532
2.931920987836597,0.5508205812109374
2.6910852070493787,0.8698102470356162
3.028919419400424,0.6212320023432903
3.1774442539049637,0.987711360401834
3.1905551001520753,0.5364382207021554
2.546165349976903,0.7235684748930561
2.6553107698157383,0.9693374432792466
2.4351967206872875,0.982726261651642
3.1231257187919303,0.5659789016110816
2.79597254895412,0.5877247992972031
2.539513513577456,0.8260169767169883
2.844899478884978,0.6747483091376912
2.9561220680817635,0.7035820110199724
2.4849510498602214,0.8019303827994684
2.90744528494145,0.6157382139415769
3.0458745534136487,0.5586598278419667
2.720324707918872,0.739160299884587
2.613249209768955,0.7351698861492918
2.361352368123375,0.9075000850491035
2.44112727140507,0.9868057382557857
2.2915736802773545,0.8795719508906737
2.365326369214193,0.901991412018752
2.2877366977211344,0.9187889463243194
2.486223385252577,0.9214867375813514
2.3258152364493614,0.863585288683947
2.2633813627235155,0.8306396742247534
3.2868186458527036,0.9673857610230053
3.064203185821724,0.63450696827936
3.0895070732266174,0.8754702425839644
3.3068930069416456,0.7129426734644169
2.6646744487792438,0.6707343303405372
2.599723295039875,0.9017865102817342
3.064461160124331,0.695776016703947
3.1280698889411025,0.48718621024787856
3.279519843970455,0.374149540343569
3.7171760320568468,0.8643282411601917
3.2867755999763664,0.47969284754926184
3.166081612393481,0.7432792602102503
3.2124823143482053,0.5539149512120289
2.8333607217001195,0.9133441112053892
2.794934898454703,0.6687050684227469
2.751615304888719,0.5243339702393482
2.5411803169245983,0.6903953460327132
2.6509525242306773,0.562234642074286
2.996705754236809,0.6854220298149973
3.591795801992081,0.794644098750496
2.7607125152938328,0.5946397295564495
3.201532637892762,0.742465231589957
3.172356934583497,0.523883893909563
2.3398307124448126,0.9359036293391397
3.074746535389502,0.5078944289287577
2.5054091794756386,0.836931871912276
2.908235611918744,0.44838938582815613
2.9807328899785706,0.4237867279709951
3.395622780422951,0.9716004782158005
2.931947696210405,0.5475079214731675
3.1867459280745933,0.6837503255115147
3.717334534101412,0.9067937318870043
3.094663940898827,0.7884157389743947
2.9827554743894105,0.35482240835944806
3.3454868611476525,0.791569239317374
3.523033801147201,0.9096715264629958
3.10400339479518,0.5282050076234559
2.64695943005327,0.7895492564800645
3.1374491685125347,0.5158266840781307
3.293295857067869,0.8813506231514158
3.657225127775018,0.9362673367266677
2.74766955118333,0.5979252867555295
2.8313753660799006,0.5329959803429949
3.588906231446158,0.8565481520852424
3.7174930635306134,0.9498624446206646
3.095774613061588,0.6050971197147289
2.5301958588293902,0.8810985096604785
2.6574885665417263,0.46989454438005884
3.4509010920397305,0.7813216489464286
2.8914859702625226,0.4526970299059996
2.9985619612311267,0.5837097048326374
2.780613304902356,0.724583840559344
2.2422278832999334,0.8984154004826319
2.5899310249937155,0.6427606171095644
3.7176516103476542,0.9935102156551474
2.609232322087174,0.8130047911400138
2.850960021067465,0.8571144482447629
2.8926108513520523,0.5418040611669481
3.586016667045576,0.9209951094649074
2.6253077810627463,0.9734656282631936
2.7489430386241183,0.5994777235522184
3.2630431112843112,0.9498066884921105
3.081038256020796,0.612891766882041
2.8492590013019172,0.8700327001167648
2.718019399981484,0.6633134859865625
3.0131395461212875,0.6878083051189386
2.6323390641974678,0.6794760153819704
2.6687807611576115,0.8778185580064622
3.5831271091296233,0.9879529158782879
3.019266813202969,0.4796527107551917
2.887880550403704,0.5416137991555885
2.6771732573742777,0.7298679924434079
3.348032495084224,0.7108400224375526
2.9063772150393694,0.6450870001546734
2.9248355205891494,0.7042741870512746
2.7032091864237424,0.5766200774712249
3.0417022164570944,0.9872862369153976
2.8876203776812495,0.7015719603418813
2.6957012538484304,0.49569115622987875
3.206159605000443,0.7697019244260241
2.2210746632135936,0.9709163295420749
2.2210746632135936,0.9714041752756144
2.8612008858771656,0.6233738105553989
2.977496209632837,0.685351552324396
2.6876940395924906,0.5600800173017721
2.465565209302899,0.7986334240294779
2.7180289747589788,0.8316505227991973
2.932223920934416,0.5400229670936932
2.7983327362020405,0.6065081933606445
2.9736825545104844,0.6381112796548771
2.73780241378148,0.7957767727028324
2.6175737771646483,0.7058805568143585
2.6375274104547235,0.891160600008701
2.8543606044086296,0.5556998820903852
2.638330485856539,0.6882344626394915
2.6590052778435775,0.9734745535963006
2.7347734257155567,0.79796851380655
2.6542422989244976,0.8993797992231944
2.710615817742954,0.697994697082857
3.1773162724857706,0.5260024091738911
3.0196670148213363,0.30348494447506397
2.8597332065246923,0.5195041396597418
2.737600826450781,0.4026408685653574
3.005584370950182,0.5272174519936988
2.59469005096948,0.6166119443399195
2.750667995614156,0.6691732131106276
3.593917460486808,0.5157957719423444
2.819494118968862,0.6299525713495697
2.8549202718158346,0.5251512914365862
3.0056929694402004,0.888364303535749
2.8765151737475683,0.44688652817879604
3.4069989068825604,0.7766107865484392
2.76793278549674,0.3819564054240264
2.5265804503144698,0.7995031271481234
3.35650726006961,0.41340261807739564
2.8956762703382433,0.4026397801090441
3.2158382032372215,0.4436363729931543
2.824271407659859,0.4458680059910557
2.917375084712283,0.5231008046361546
3.000893949693824,0.5733337583552005
2.8988483260770996,0.4940874803933861
2.786628041098633,0.42431435675123097
3.0338024632358853,0.8608034958780674
2.896045024062989,0.7490289172778005
2.7448983235996196,0.4529492794555227
2.8706440959129713,0.32454473426671476
3.0565987688686054,0.8960521188012942
2.6982656907667564,0.7118236596289128
2.6960112157778573,0.4402343510613592
2.7791097132434337,0.42364732403787336
2.980186135952082,0.4266798969784907
2.7164471008285807,0.640434968773395
3.7194953929457464,0.7774770066062634
2.8514637429923604,0.6132394467655143
3.1351917008852905,0.5401649016837217
2.7805141853441424,0.6098277647916728
2.657257582546337,0.34387164855895436
3.170549052530177,0.7972207721243829
3.429571890907085,0.42476290924094023
2.728145263562041,0.709662885080085
2.6834585134486426,0.6700382358677446
3.5794991383759798,0.5157389545685754
3.3324917827505587,0.5836249141526532
2.6495389242092666,0.8024025275621348
2.710123698801218,0.5934754903957762
2.910246062620822,0.4471081377066111
2.720875584255921,0.42946422044127713
3.035345460997809,0.6062155893220763
2.747473232353684,0.5552630577078616
2.8371447194142214,0.3486874380632562
3.243755304852892,0.9961562780664159
2.6211568448158533,0.49467617152515664
2.7638432678182023,0.6291266513555
2.7043065690836534,0.7150220315465942
3.1775379715589147,0.9178657184119433
2.8737347157314295,0.404676525159348
3.1663930639347053,0.7464788022175404
2.7748520080357437,0.7775109936271131
2.737127769195293,0.3800295127414496
3.1249814469209256,0.7241308798221846
4.206904757947155,0.9314885819202742
2.6440529642198927,0.6085020532649965
2.5004172984806496,0.7983129011130785
2.9496913537690688,0.6241988597850366
2.7192264450069255,0.6315329542413756
2.724831551656725,0.6149668799864526
2.628418324466066,0.6003771415028495
3.2674883380243305,0.6109712416645658
2.7230496575714516,0.7022572518910236
3.268421267294043,0.42061368985513475
2.76165225401389,0.33535535542824074
2.9906806135226143,0.4473673261604912
2.743465830391368,0.5253395125939052
3.2855575452881665,0.5372078947617113
2.9543088841385563,0.5086867972857404
2.688775099259884,0.7464374681196695
2.833891507679855,0.466979334147687
2.665164918368092,0.9940446472811542
2.6408370751335646,0.6597797337349421
3.295520452091938,0.5028189339566113
3.2647049157068166,0.6361335833131658
2.906901315081921,0.9511854894318481
3.2740468193048184,0.6526746503056365
3.034968488287811,0.7761049540900997
3.1263716103439974,0.636632286389459
3.40880624878321,0.7864773358765135
3.2416797750086297,0.5187257035336699
2.7991065550457344,0.7351103748489317
2.636391274336949,0.7396856701189009
3.119165963644763,0.8922867976515417
2.8818915553373965,0.7268044529448073
2.92443188591761,0.6528960693557623
3.6074326120420026,0.8620383213737359
3.3674535018935505,0.7889636946586479
3.3512647327488376,0.816076357996191
2.6053474772495604,0.8316347674092208
2.682866420324255,0.876123887294568
3.183370067963054,0.8415047181586339
3.0016712109090165,0.7374956433329487
3.708327488109118,0.5924495395008128
3.7080124813949755,0.7239098961558216
2.7464890023628348,0.65109024013104
3.7081699709944815,0.656171721609816
4.385074815028816,0.5039664925375856
6.412229857259095,0.5326460419166931
3.9830214224536884,0.3212727011258812
3.599209755733055,0.2710227675050533
3.552129897765564,0.11419846003827797
2.8031458799177753,0.8203507497590307
3.673818098940121,0.32030612547578563
6.403192938355051,0.5448804444401462
3.9200995720563014,0.8689325165593942
2.9602974579254697,0.5147026361337245
2.789963838246654,0.4963293448725891
4.14336427314809,0.3312844776240224
3.491007352470058,0.45635059389257027
2.5533522655716734,0.6227144786664361
2.8472010544963275,0.6891780990922739
3.7194367840575002,0.29340176529969253
4.086416608267444,0.38422014785532776
2.8101293070782347,0.3508026607506395
2.773808128156127,0.34734123636287817
3.9927680527819294,0.4482006204426805
4.693601352149541,0.48442036331585175
5.113241959256378,0.5410195841151432
2.9060735943049236,0.953152654967081
2.882194666392955,0.5627347329320693
2.7418061565325877,0.23324356729444715
3.0836279740753425,0.5253973367906921
3.635672794205359,0.5023677147483157
2.594377669519224,0.7669897111352154
2.852209589931988,0.5906994391935462
2.9297362381279313,0.31238059154198167
3.6781928503138603,0.405221705280621
3.9570462130356785,0.3452522726639448
4.3389439669607395,0.4121716293868285
3.284052376062995,0.20484301625927254
3.0069739065046774,0.4611629819724398
4.686094776786424,0.6391230534190435
4.199658603434331,0.3277953792552226
3.934332854703577,0.3312448578439169
3.815242729866607,0.5298588340465326
2.8872960826524174,0.468212635806373
2.583117941039665,0.9112599911345751
2.871465163523493,0.43869930234221016
2.8053609762025276,0.8193092611628787
2.6849737631725565,0.8538443743246745
4.742903969411146,0.4085249226682257
2.849460215567152,0.19049613939722432
2.9609035318632047,0.47372160816190134
3.8799067792409656,0.4422843480558312
2.5423130590074856,0.8092459735108555
3.253086037609365,0.11089360996929694
2.5883568494317006,0.67492265248939
2.8137848082120636,0.4823095760839235
3.2472251998475556,0.6734307882382761
2.7502349998863735,0.6235073912515755
4.039604503029969,0.26117967439135015
3.2436424914130098,0.3053728160309825
4.169643655086127,0.4746597207029155
4.394896391125165,0.5058336018026305
2.937456297308949,0.37694156463075035
4.132223968567048,0.4054112325861347
3.9189254639633044,0.4115850879565861
3.5784465666682808,0.24044220347025316
2.9237285163981963,0.41398260156175337
3.986880837860595,0.45585858481765407
4.207422646395297,0.47750722900766623
3.0796551604991427,0.54310413956972
4.364674604469387,0.5940632563409178
4.040807661458288,0.5276261125923178
3.3982835054958263,0.5277276654852964
3.9751107234628065,0.32128519115310483
3.096647116495517,0.3398476831834786
2.7197039203008844,0.8088260746110106
3.3641868150565006,0.338163243952886
4.399221299862655,0.8068273710785393
3.2708776574491436,0.5476779654249038
2.936283950267753,0.27450536235016537
3.0870906446239963,0.5774120920808339
3.598557392205938,0.36200177887335794
3.9496192286129315,0.8845756622271177
4.216992844542779,0.5343669988281358
2.7470334507035035,0.5518028306208075
2.8408228400665885,0.574603659328032
3.610392312301748,0.5670159547517785
3.2078539334888676,0.4319592052344352
3.134815271527175,0.46034892614104816
3.2495202830725645,0.28292949051586863
2.703327564881097,0.6435207127603692
2.7754468914978356,0.39198088963508554
3.1710371593691558,0.4948812365318589
2.751726860003369,0.4738263720016228
3.2225252823361163,0.5281005431120048
3.01770410426536,0.5271055315639264
3.094000717614655,0.3254107638437561
3.0555667742826365,0.43972925330886575
3.2154295304049185,0.3931833607943742
3.237272999377717,0.2758695235642448
3.4345788292232764,0.011306848000015843
2.3541542026315265,0.7772681320055581
3.443557883900722,0.010786702352293483
2.5231817058605763,0.4211807751426982
4.5820898162258885,0.380787104946446
4.260211539884904,0.8432351718455323
7.257025553828855,0.4091803089076931
2.5260681926503734,0.4518227008542097
4.532708685146222,0.41937880993417576
3.4857471282218877,0.008717085948551667
9.060812976116493,0.39510641667184965
4.427243400818279,0.7450283809055975
4.394818947192251,0.4123935926620174
2.3910329920999924,0.7860217628460584
2.4672721016304293,0.8897625878292642
4.228686516023789,0.8550675261384479
6.996563267279319,0.5250146902775432
6.406669821140972,0.547408681548308
2.5061600055860755,0.4321815494742835
2.5,0.4421607267268779
2.5,0.4421607267268779
8.072361594855622,0.4113053276926153
5.000925856171534,0.5603381989326343
2.3930509966149907,0.8328083128614734
2.8062636686704976,0.37258809657738406
2.5020509787513423,0.4551018633770895
2.3752802342768624,0.7205906512610687
8.426877500889638,0.42042204006228506
2.5923554776749205,0.34774690370663563
4.602364172348532,0.8442366597031065
2.4861599964235856,0.4656483436122223
4.781867155839861,0.8680840383264835
4.741152850575289,0.7507265268223594
2.769427893992729,0.429823682854133
4.371583038499898,0.49742332423454244
2.6740759464982724,0.739315840169251
2.477203014490334,0.6304405531416952
2.6036043048225297,0.3109158298295575
2.704924141709708,0.3439617454588256
2.4809208815842427,0.49163508142100304
5.3408133822574255,0.7377242733984162
2.396406980561843,0.6678791756397757
2.4920987263750205,0.8224458904422829
2.526068191847847,0.406420883862965
2.3141196679302394,0.9758911151745763
2.7693557099802115,0.40229903912992765
4.346072287134672,0.4802900014192782
3.0019045737473613,0.8711034137420361
8.735701820061454,0.5232021398403454
2.5923554733052394,0.3278266179272842
5.034252878593307,0.6715050656453079
2.4094520519880085,0.6598035709077856
2.3261599954101677,0.8361691367539835
2.466160003610548,0.5015428015741703
2.9021097428078666,0.9866801032869837
2.4597914103709546,0.5309699021577554
2.417534442451054,0.6188679043166242
2.8012082734746864,0.7933505510825103
8.264739776945492,0.4406046708169689
2.3612358141447882,0.8108634183116681
2.4386625916241185,0.5733087238785562
2.346159997608475,0.777975791315852
2.592355474104587,0.33892489065177167
2.966316781086804,0.8821611142917843
2.8717939432521966,0.9011581993729517
2.4461599963551968,0.54003074954829
4.752858396964925,0.9067725614265599
2.366159997157617,0.723626897737103
2.9607562420484137,0.9103848729516488
2.3861599952384447,0.6728792950740982
2.4261600035919075,0.5812886261656114
2.4061599935090436,0.6255045981550693
2.3294451953415862,0.9667720626287826
4.135616273795575,0.9023178670195839
5.138212413683314,0.8984812520400889
8.508774103128136,0.5351682925182254
3.996791794458416,0.7984123587298194
4.5062947666432125,0.8112104179083988
4.536121574871888,0.925134342272391
4.439451947887261,0.9090980192850401
2.313209757956292,0.9902311347686565
4.818327440782745,0.9749969762358273
2.3878231175120574,0.9649167631042189
8.411748283050319,0.4336999448248322
2.5260681941154606,0.4242495664389888
7.654641454046035,0.5350543856566092
2.3181983346540913,0.9951961515147175
4.545641738914238,0.9768979364662294
2.356655268829109,0.9848258922156398
2.5418054578183376,0.9186832573010627
2.891191788882225,0.9734557233181673
4.953525532163936,0.8475979734015763
3.3271955295797944,0.9878350905751813
4.770876329658526,0.8396500172844238
2.3911889631050687,0.9650605480675051
4.38645340484061,0.97537750026164
2.283078221094511,0.9151827029422491
2.9189065213307783,0.8512833474963701
2.6623348294495193,0.8579708994161467
4.898815438837917,0.988486803276138
3.2,0.048372701718875366
3.2,0.048372701718875366
3.2,0.048372701718875366
3.2,0.048372701718875366
3.2,0.048372701718875366
3.8332053819225496,0.49004588204048416
3.941462140386484,0.13515196215631842
3.7117903468350777,0.9699895097275772
3.18441499911021,0.05250012478278435
3.7117748137078603,0.9699959588259743
3.187536821981204,0.052012197415949424
3.7010536661368474,0.42964702653431525
3.283393837742436,0.492710829152083
3.7884145846118797,0.44322003878433247
3.7217855821775565,0.904164513325119
3.319132607460424,0.02401946342606034
4.098827425752394,0.6292981647220217
3.5528004872556522,0.4577709466189666
3.2542800721346024,0.03570003260611809
4.095746735834627,0.6281581981179547
3.3481168331563262,0.019103644865762458
3.3531746756375838,0.018876756329158858
3.2724308867661667,0.03260250608666774
3.2498741291170563,0.03722604714776626
3.272430913414571,0.030327824676223674
3.3481168331563262,0.019236518067191583
3.678898269876459,0.48652562663601173
3.2373654659204805,0.039904763220591395
3.2988462203970883,0.026062766419155267
3.3,0.02641613348098776
3.3,0.02641613348098776
3.3,0.02641613348098776
3.3,0.02641613348098776
3.3,0.02641613348098776
3.3,0.02641613348098776
3.3,0.02641613348098776
3.3,0.02641613348098776
3.3,0.02641613348098776
3.3,0.02641613348098776
3.3,0.02641613348098776
3.3,0.02641613348098776
3.722151852650368,0.9758082020820418
3.319132627793652,0.023991735022824884
3.2373207537252155,0.43833314592797723
3.2542800954386393,0.03437119177218152
3.918638637508812,0.5045866944524026
2.8977365296556576,0.825405564079786
2.681235448729863,0.8280892054140259
3.319132627052351,0.023667103187245717
4.097431881158734,0.44659713508387716
3.272430896573558,0.031913160040542655
3.265320653269433,0.03344086168576414
4.064964369019734,0.7401801554316205
3.945909317255023,0.3002121766283844
3.8596055423449687,0.47816250639964614
4.073855157253082,0.7832999439384937
4.108464868001186,0.43760107800249115
3.6367277314228517,0.6556952502360883
3.897924256476131,0.3670238578961677
4.083033295235296,0.5777691054669849
4.24939030810021,0.19512724522413177
4.474925929412128,0.27692391036028463
3.9882884164919665,0.41403890192155773
3.3426288572918175,0.3321913787040734
4.595540725869482,0.5608785898541722
3.4545785051435725,0.5113851055567369
4.338883458720226,0.40253915240269444
3.850663981765223,0.18501505871152227
3.836515098367267,0.3941634605058098
4.130423693157883,0.3711956627319125
4.11228529574504,0.3487086901539024
2.989980599547564,0.9843277061564047
3.7872889821216447,0.43524544272025784
5.5725519123737195,0.5025125065346198
3.3163855604256876,0.5145469597935682
3.7137599287009655,0.3123288626962183
3.980040657003393,0.34405105322756024
3.7807108033278607,0.3823645762166857
3.9500695335652,0.3022272614122842
3.9294810828104967,0.8825346994132403
4.3045608222093925,0.31998152084821135
3.7424013468126316,0.42495243654645387
4.005538881088162,0.20221012416197026
3.390404919194756,0.497266314535093
3.8615523319644396,0.4300730207882772
3.824412028694738,0.4633863699177897
6.478583047434061,0.4205816348408382
4.3134327005952,0.2136622265431514
4.084701082163174,0.20971154142926204
3.919542461932717,0.8150235766735227
6.862663271099639,0.5018178814797062
7.721319869847383,0.5591050605436326
8.025717281676448,0.5186849953003446
7.079921149984652,0.5475772560852586
4.655555190374181,0.9644184409863978
4.287772805482251,0.8369779135765867
8.389221921757704,0.4430578044982915
4.053757896423681,0.6370971112892965
4.234599565176427,0.9374491816567623
3.9989808485578378,0.994461743410014
4.5,0.01654664532334235
4.5,0.01654664532334235
4.42547111846874,0.016674076246298592
4.734664026022005,0.017866560827265506
5.153561974440591,0.28137272710811856
4.172688779432754,0.45503154915307903
4.535403668655996,0.017173323550748472
4.41463930526606,0.05747140014955316
2.9436672738229097,0.9802271679393042
4.5695467703701205,0.1448154873317312
4.659085717423307,0.026090603666784624
2.648927338141341,0.7689127125904939
4.631824872279667,0.017547561744754973
4.495474994580661,0.362695696433524
4.7,0.0173565650244558
4.7,0.0173565650244558
4.546159996230297,0.016842623572150772
4.436887543890761,0.01669886581996302
2.5886569003249544,0.704614356591136
4.808354211432432,0.4650717615492032
4.647504457180032,0.01759752185055605
4.680876121734955,0.017705741533813123
2.691773692498127,0.6278394983637146
4.734664024522157,0.017830614585670555
2.48391603089255,0.8316024674919444
4.688625095920978,0.058932216209388454
4.6,0.016987823531119137
4.6,0.016987823531119137
4.6861599962637825,0.017394007891934737
4.723437257990258,0.01779415132701743
4.509472626199088,0.016947332986581694
4.5882337206053485,0.3842074401393163
4.606159997424736,0.01709658743943928
4.293375034410574,0.39767307625631626
4.509472629275492,0.016977564835625434
4.531022043579131,0.09299918468330359
4.337742959189721,0.20578673434535039
3.7025753753069113,0.3107906030303263
4.202281184153317,0.49936825806720975
4.535403663647261,0.01710298211563951
2.4086059834952245,0.873728115215171
2.6204277744348805,0.7845981175427172
4.584071885040049,0.017289733861266563
4.647504454977268,0.017533139710978148
4.255484867426977,0.3205039794640527
4.61885423844481,0.01743645765412382
4.906899456386793,0.12437434840681634
5.164781731051178,0.41238600068511
4.452922874744745,0.04896351533798196
4.762871707804021,0.2558714948536599
4.785043193054792,0.14806858134694392
2.810117561967749,0.8779065052078989
2.8463093243707713,0.560633769011872
4.693304609443649,0.3583423100165467
4.830701813494598,0.24081415591033276
2.5462318348023616,0.7576636887841713
5.330739684218316,0.43143821603337945
3.7023610560380087,0.32466857328445586
2.8698852784257776,0.8021276109262834
4.838067222162586,0.5627504883251393
2.6701237582755764,0.819160169976612
2.788574647307817,0.7208660032775893
5.298874832677782,0.6495626201160203
2.730344318011924,0.933140476333704
4.7792478558974105,0.3113495793270177
3.1442719460268522,0.8929512997018054
3.0327509220010604,0.8630819324603174
3.702146784508048,0.33880956879756685
5.025911443957206,0.339539187696348
5.101412829442448,0.3309011236130324
5.141444390511776,0.4409349898340008
2.9726662087467877,0.7146166907360185
2.523522432147346,0.7133175103118705
2.676451420621342,0.9058515376379089
2.659098862810482,0.8095246725296115
4.741005324675348,0.18185380312504457
2.2848686861885517,0.9062371774028258
4.807313526087101,0.5312883570121093
3.7019325502020997,0.3532114398712248
4.899152260350764,0.5321966730847488
2.5669081604334814,0.8170339266798842
4.875196022202594,0.41828137472868676
2.7856851465985426,0.7353954685407943
2.7757238547609333,0.7887486702847223
3.7017183436529626,0.367872009592803
2.8193849791080767,0.6469942462137883
3.701504184339462,0.382789128263867
2.647689519586053,0.9857379090378884
2.741364922286675,0.8464878032658838
3.701290062790399,0.3979607550334698
3.701075968498709,0.413384821830285
2.5320484146437647,0.9337494671583935
2.534133831429304,0.8863369736245119
2.6951183158861505,0.7823838454081637
2.312386484758691,0.8837334970340184
2.755991469311102,0.8035208611139898
3.3376738423774737,0.8841229463960318
2.625200859670894,0.7044062166962768
2.485011575949512,0.9692277813923025
2.4651347966853656,0.9910982800131097
4.9,0.017734531179169823
5.245875862756005,0.018528913179094678
4.9,0.017734531179169823
4.9,0.017734531179169823
4.9,0.017734531179169823
4.9,0.017734531179169823
4.9,0.017734531179169823
5.2279687248424995,0.018532940464978997
3.217870050239599,0.44614161647871253
4.833206634829023,0.01788887416312655
5.849229042198638,0.5180932837057076
4.7379711423560265,0.017184017623817775
4.776561340491844,0.015462162736844715
3.0293220910956298,0.537002911391398
4.807808116182399,0.017805362417144904
4.735428724975014,0.017213215441838747
3.5288584744397165,0.3371399053481248
4.675142796148323,0.017145976105985238
4.804220344457569,0.4003623775609104
4.6682115803027955,0.9066411032208129
4.865437796184841,0.4614796136615409
4.680876122937935,0.017268617823019135
4.723437263938186,0.015112605269015169
5.100000000605666,0.017869744556722807
5.055050471331253,0.018351630997824834
4.7562239169510425,0.017635127984625836
4.8420453275071305,0.017894425285993335
4.846003481220375,0.5158628480085135
4.734664026612639,0.017242032301387496
4.723437257141947,0.017504214007035498
2.673451115262817,0.8471176108005503
5.148546289526783,0.7109042685216381
4.211852052969097,0.35133839852174736
4.929779844812741,0.01811170820584093
4.935259208849492,0.017645876482985663
3.8971265824194115,0.48264199038028655
4.793839545675817,0.015607716443186828
4.830604095930964,0.49848421454808284
5.257905378306556,0.5944443518028922
3.616331827164233,0.49322117870226645
4.842045320362638,0.017863295458325625
5.000000000933408,0.01763284223069893
4.90000000126115,0.017360483462852645
5.040554250998693,0.4736172797090362
6.344573170836633,0.5217759094517134
5.131265575313628,0.01827546632577076
8.220171205226567,0.6773211729175752
5.0351932280737115,0.018284718198246598
4.834414997889889,0.017462852698066134
5.140596014874866,0.01836142709536374
4.82750096158045,0.01580878137510323
4.807808116182399,0.017423532246230982
3.730865476211954,0.3605137514273454
4.9421047937594365,0.5236420391110259
4.872365447504873,0.017919541395933037
5.302144029578979,0.4938862249806868
4.997818044278155,0.018197913875320177
5.106338642798117,0.018294840835154355
2.8597244644370896,0.7153211935248599
4.8078081189568,0.017705795956010073
4.833206634829023,0.017531561448705157
5.035193231241128,0.018073312937541067
4.929779847241455,0.01803380200492302
3.162171860509798,0.4849654345927309
2.947348672592923,0.4869863154055709
5.032704623391242,0.01809992567336476
3.2822365494925863,0.6610479748122052
4.882811241182194,0.017890588480891912
4.872365449063435,0.01764873367926127
5.035193226524438,0.018187818452604473
4.951375194599065,0.017868492833818667
5.477441153140397,0.4749825021683305
4.842045321803876,0.017660842744919133
4.929779844812741,0.017801933784707756
2.4578435520931876,0.9215793923523213
3.118650476824872,0.6143938626144566
3.2985272239969983,0.4551364762593913
5.07227365351082,0.1439544646463064
4.009378303428101,0.3260654697964809
4.882811244823262,0.017755919328402
4.929318422112975,0.017912629702674633
5.0496694134789655,0.46559266911696356
3.1516794399970314,0.40163178872778227
3.154324441286914,0.6727885178874844
5.540393818775431,0.6123323552046804
2.535035210632981,0.7063002108143172
3.908574623772712,0.49917214560471296
3.6314121160231867,0.3777244090011789
4.163304836049842,0.3475402332296555
4.947860501982751,0.5238570090596609
3.230551795916605,0.47263345203998675
2.6603207752073805,0.7836537735920938
5.390378731844266,0.8503231937335732
3.4891563995484347,0.6742867496037002
3.188047063270083,0.5086404835073514
3.451357904705919,0.6910331537169514
3.3722276283267116,0.707078891843369
3.230361152789994,0.8698483973978427
3.556658053465922,0.4315306531124681
3.201619551459505,0.6477624780727507
5.42588348796765,0.1624410369106995
4.8553172722249816,0.3231885187769165
5.9330625876186405,0.25962016263481197
4.712140609903317,0.08916978071915009
4.947133295313559,0.4282311636855709
4.90933346907704,0.35369109497750323
5.498920534023019,0.1659400402214321
2.8677044531832148,0.5803558198444841
3.0488518468597317,0.3594306021970473
4.793926048220156,0.41880704428817744
4.663503874920658,0.237560381611471
5.127243315554666,0.3053603260037588
6.054757640145476,0.23739975279570794
3.03534963266178,0.5771964146312641
3.0585335991124896,0.22126032586729752
3.0779311872790465,0.2513961470032977
5.21468320289929,0.19887863414297346
4.861399727850098,0.08222276823141514
4.788260558501385,0.21653506864353605
5.981893729204824,0.16651950669182528
5.395328975604731,0.13846864917997256
6.14368482371329,0.13267071911328812
4.707421195580443,0.1666247059122159
4.7379959983441315,0.23254023459521442
5.387249563842851,0.3302916701965754
2.5620522091236926,0.9015068860763493
4.715657741492697,0.11375279195594279
6.094725889941647,0.19904824271404048
5.476610099724098,0.08587257704617984
5.49054914820913,0.07845932466911253
5.041571537421243,0.279428228659214
5.337862368448628,0.1753386897615121
5.14997783878727,0.1675653218990383
4.600725557789771,0.3448409725609316
2.5921878189282506,0.885082610352869
5.052759207848718,0.1876998973464693
5.1219159892650525,0.367621828108419
4.769309393380135,0.3071148617664805
5.916066467290576,0.14900435370564705
5.020833906872443,0.2059288322050633
5.526359936531459,0.09414652557239667
5.527858930806755,0.06664465777891355
5.044369882018566,0.30061525889303814
4.741986933765212,0.0896293538212975
5.211455995448873,0.2711874236036071
3.0621002721824775,0.6363791932866024
4.566628437359448,0.13258127528596744
5.326403218204571,0.30751690999701786
6.209411112730417,0.13437752610503229
5.831641644117118,0.06719887208078108
3.014263978585154,0.24046084327069722
5.5629121111518565,0.19926596101455724
5.329300104100765,0.17448553117016666
5.6139514436981015,0.10009898910072718
5.7390795100346885,0.2163291328724019
6.0690206072546005,0.09835773249636563
4.964338146788654,0.17758980611319097
5.815577468927742,0.16751593323249234
5.556594838783911,0.13958415274665043
2.8190726868594256,0.8898525758816479
5.314220932827313,0.12163337268174937
5.841129103058757,0.16563222502104413
4.513603280362598,0.32616568933325985
6.02458162553625,0.11637237768688001
5.081550136336352,0.22518981330964405
4.699538552336815,0.21636518796148432
4.957365697918604,0.22400522003076134
5.229685339568721,0.22967297082570143
5.455383975468729,0.25631114922136067
5.389509830253583,0.237273491965454
4.4391554757170875,0.24276341635096757
4.5242568560376855,0.12520024118978756
5.654312084365347,0.2210259541981804
5.078680619718077,0.12649460520000827
5.250182315796281,0.23240698043840663
4.960919919742708,0.5211244416537364
4.48294214391257,0.485214065029034
4.967452348256599,0.20590224668033807
5.288195562580869,0.2430146046583695
5.3786463592734,0.2265065995001197
5.450320335707342,0.1358867784305926
4.932994013286962,0.12179830089128792
5.49834291549736,0.14947916518689983
5.165577269521771,0.08105656985309022
4.630883797084527,0.4013212796008031
2.5969477920291353,0.841989461792918
5.401788672921221,0.18522722588917226
5.439876990419912,0.1016393984650537
5.203043775743865,0.9069429047065665
4.931179456925087,0.41825530622101975
5.168745699429311,0.1080602243762398
4.965674868195158,0.2504381973611324
4.76867268588535,0.20157136408000473
4.89713345744222,0.09989683571249748
5.727077497216534,0.11421549436844412
5.1404631318782945,0.20322146254237383
4.59868551898257,0.24988999677389928
5.589598792025595,0.13618185870387065
5.293109058527323,0.1278934609327785
5.279733881551228,0.18352131687605205
5.622125893692261,0.6363129063484763
3.068555340189352,0.30423363855495833
5.078556047401663,0.4951704119318028
5.686283384962448,0.48423097206892407
5.49746914967242,0.29872559138605886
4.9692772885651095,0.5754702059221315
5.532663539959755,0.5955655425510228
2.6991713698625395,0.7313628227351914
2.6115574333383904,0.5398349364140635
5.251285225104422,0.4337899328803095
5.41964080069888,0.2885261107476568
4.240893335157229,0.5899562146032231
2.9996528581820927,0.47089078043994304
3.3853715974948755,0.25557834659002865
5.387560887461042,0.5301587035226394
5.471123813998363,0.5415457434775
4.706863971106452,0.4135321986987864
5.291152940758753,0.5886855517103535
5.06959720913802,0.6206979244646573
4.589204454567807,0.5533811454474742
5.618986959399354,0.3290418784358798
5.374094915657892,0.3465791542802298
5.3825242203565615,0.19695987766546072
4.794261531132818,0.35241137069294076
5.283016870065815,0.6308564247556558
3.580132517610207,0.3542333362692053
3.471396584060968,0.810170915740997
3.001329382540344,0.3708487447684772
3.0417625042234975,0.34035942051205853
5.0574019369163254,0.5719506035933032
5.065983395403108,0.41184209949783956
2.582099240615967,0.9577483315663581
2.600250660724847,0.8173914842941918
3.0240328214105148,0.6092920542285697
3.6600138382969267,0.4084593160168421
5.104090382722469,0.48524854185584343
3.127990977033022,0.6432343673425088
5.012024635304579,0.4712338615982769
3.041472279473216,0.6082243610661648
3.3360843410634837,0.7536027975582748
5.375473611924813,0.45604182629136136
3.731717091648294,0.45014754070409785
5.334527280500119,0.2544293730164656
5.390894244455182,0.5808839384275861
4.9019371285339846,0.15027752004741848
5.358533143837033,0.47637673196486285
3.0401339346482747,0.6460805422879664
5.217589671620412,0.1591699017453963
4.901621203377511,0.22024493298991113
5.035237081061825,0.42460119197195745
3.102779171553544,0.29919547760280335
2.529339458218291,0.715224810796276
4.038252666818591,0.9016217181245944
5.51946892457961,0.3478728380037079
2.6471814563607086,0.7742244296081088
5.175770227985396,0.49760558609942396
3.0709596220725532,0.5631348491560536
5.085486421022083,0.44141200543588505
2.3605352842311005,0.7552840802705085
5.418952167656492,0.2539875961614288
2.792371216815558,0.4534186486583026
2.9437726394713297,0.8160408199272603
5.589710684912502,0.5303808300675127
5.329733692727996,0.3159050374989293
2.963601683695027,0.4953752048244267
2.6735820681063824,0.7393687391046231
3.5555148207256844,0.2331020680881814
2.7366892666157407,0.8367985361190793
5.3716328341203665,0.6807470320222138
3.002930164820854,0.3613544472056592
3.582914379886854,0.35911426983312306
5.2883343041169395,0.35475873371461764
5.032149101387994,0.20673135040695864
5.397857819366865,0.37183472213905483
5.206209733349684,0.19230958781304613
2.3311959065895778,0.9639030845415043
2.3648224955374557,0.9620809012733583
2.7415086450529382,0.2954818036655189
5.396621732769493,0.47890869703063865
2.504939410852286,0.6747998747137702
2.6217859286228924,0.565005523115215
5.290499006237503,0.2761865090038132
2.818371351614262,0.34578088105300653
2.575927821465501,0.6234417845970984
2.923262159916554,0.2448889249418495
2.5189049192307755,0.6542282299808357
3.869163333671038,0.8308234327155188
4.798479999423671,0.9980390883023337
3.8273127968458494,0.5159778433264429
3.020640036665958,0.4948341608334319
3.088507876240564,0.3144833786243383
2.328099545557492,0.8817539775301477
3.508468146014725,0.5568741078293803
3.06804465744878,0.5323324851126554
3.534555530756307,0.5631081275727424
2.5705783809728504,0.969115017406103
2.5504910443677313,0.6816332796619721
2.6122589454387937,0.9787476848710199
2.949059680118393,0.8756913623089134
2.4908710372277403,0.8339468644760454
4.5530081704828875,0.013750022314115139
4.499659189696827,0.01321980845477555
4.457643417279883,0.012534843438814959
4.753542917163088,0.01505644096779676
5.014583652956643,0.42187014840301534
3.4744601695946953,0.3955009817729671
3.2216964871632463,0.4926444877917599
4.7338002336394815,0.014921526915420572
4.733800229757086,0.014921445282125148
4.458074459090103,0.012695880424148716
2.4999999984183168,0.4457811472459323
2.4999999984183168,0.4457811472459323
4.248081317131868,0.009507032489927927
3.3243498059169405,0.24221216808976956
5.150927468184735,0.071165829601705
4.8000000015888915,0.015266676138893574
4.057913362177445,0.006755743650263873
2.551298493769193,0.43890219043628587
4.536497285297587,0.013320517794420624
4.3989103191064975,0.01165047338650638
4.285508646367987,0.010524547857743956
3.3979199612067963,0.418372832195856
4.694321368554947,0.014638691766386363
2.551298490969436,0.4205886009562936
3.1430650293781706,0.40312098626340354
4.5000000025721185,0.012895748055357927
3.0280064775163544,0.24224405983438171
4.9908106869024795,0.32478446657791576
4.65485142699782,0.01433835969541835
2.3119431031064654,0.9552953339436214
4.595663693795083,0.013852228282737779
4.662719530928276,0.38631779198748184
3.5265971724312375,0.4719195613200835
3.4230418513509298,0.43214046027939246
2.8240082973320035,0.6842106061115032
5.120269559554457,0.15358786681706935
4.838083366032875,0.3690542354813698
3.425951954201926,0.54083982569607
2.509664326627164,0.43994052251407895
5.205605151699464,0.3758695720683828
4.711546149348534,0.23120456370131487
4.546819874769618,0.24748897289681226
4.444473225636532,0.18134677336599794
4.564293832631725,0.404976775593927
3.4575202385669415,0.4150489341568602
3.11555836791802,0.5371921937939319
4.584071891991413,0.014077402501576013
4.600000002244376,0.013806785265687144
4.700000001916634,0.014591343953881042
2.530567028133822,0.43400656272451293
3.7716475224924957,0.6798059262294316
4.868803649861021,0.3655002379559339
3.379448835076513,0.44361805972898555
4.334152043766275,0.010718782732790956
4.100000003883086,0.006909351925281055
2.476533235230022,0.7267580575300293
3.268406257603211,0.23220126235606026
3.05729510145815,0.5254486030415942
4.2455569595568186,0.009208741276094126
2.9055280918572115,0.4814867309749172
4.625975183904471,0.25140433763055875
3.0156007247767564,0.6931648120810536
4.2855086574055115,0.009955149598968012
4.549674613958673,0.08091292094529637
2.509664319660806,0.44790485988575346
4.211373637633246,0.008706038125015043
4.300000003227602,0.009802248821791901
5.020707382583057,0.36774539501208175
4.175795078077946,0.15361929596991383
3.028087048781788,0.3302088387373363
2.611801723791452,0.4370766873800967
3.0636640893707647,0.9811394024534341
4.412480268443136,0.24330413380878071
3.306512695711299,0.24746519014616572
3.966197301516711,0.9570869860344533
3.561424384217641,0.27250355672153215
2.8974549379973107,0.2898741356101941
3.342939603717064,0.35731578768232825
5.087453930051849,0.5170742172898106
4.200000003555344,0.008383147815206137
3.293910054756353,0.3760584463013459
4.8908743624836655,0.11007691463351103
3.075746747384934,0.3314783043264051
4.685376664965155,0.29272188881483113
2.874012887334849,0.5054559893952902
3.5915839062765884,0.31912520573541353
4.757394355632188,0.39413720151735987
5.0555435327568885,0.6684628326626441
3.2073544624581176,0.24253802444024797
4.714131202565325,0.11362800053738077
2.9211200021267527,0.26828894837313094
2.500000000466704,0.48521782020084003
3.2662493544737212,0.2373879974774238
4.699290109841391,0.9305775174988464
5.11072043452284,0.6410468712134634
2.4177784774664532,0.9361589265657213
2.8726231043420927,0.7067251166119658
3.2349006496954433,0.3647049579835722
2.746763075403483,0.7803605427859045
3.0390188758941785,0.6252867165848681
3.1210359173838422,0.457052429965919
2.7013094197105496,0.38500786306497403
2.7013094087913316,0.3850082440234463
2.710365002017365,0.3743858440223329
4.054162832200293,0.49899780225301416
3.671934105566847,0.46405748433922855
4.192067167269628,0.4770742686382489
4.6604107196843705,0.56941164519788
2.856437924383898,0.21725260568775784
4.3412889459968,0.4937184939970696
2.7781820200654526,0.28110700792254595
2.7781820144053517,0.28110717118913675
3.170218109574483,0.37276126983947416
4.588036438935506,0.4563539681028105
3.4321698679878887,0.37908277418941166
4.295473441205288,0.5733565070748242
4.395675672272984,0.43236177048512436
3.358750639784999,0.5139924461634303
2.7205106627262863,0.3561931819416091
2.758947204434391,0.304364906283016
2.761001873100775,0.35016126116427976
2.739723339292611,0.32935382976963956
2.7397233329714012,0.32935426515030874
2.7447651841688305,0.36381373066020223
3.5975966601175573,0.27547917622979456
4.494297712101414,0.40515884697802557
2.8913323241197992,0.6522071042681095
2.7206795233904866,0.3656740915047666
4.0579871706949735,0.3299191463172407
3.18347527772847,0.3906451098967921
4.205292398600244,0.41990717342335115
2.753307950187835,0.3280209616467251
4.344520998122233,0.428606898508555
2.8564379220238387,0.23625665688438055
4.773080538124724,0.08580190907788919
4.321159561460326,0.5677815198921545
2.729460540970082,0.3556508045913211
3.42411792291095,0.4036703025180484
2.840540377029646,0.25366710045303426
2.8864228790321076,0.589770415258417
3.452389836976597,0.4653632499172661
3.0673532706977613,0.1791035211083984
2.7610018833020926,0.30778110534560804
2.7610018806934855,0.30936478081435864
4.323295543154088,0.364125545935376
2.6832455240995,0.4991479274703037
2.785554201913726,0.2982632427209313
2.7533079557414712,0.3301432048717607
2.7447651867460667,0.3377811144537017
2.8243820416235876,0.2502247784605783
3.15715733047943,0.29185302925261264
2.8938608288452645,0.32197676853405344
2.8174314318947844,0.27177216908278873
4.0004164644412485,0.6688103764875314
2.7682280750356476,0.3145189166963625
2.824382045184559,0.2548667144160474
2.7855542010590786,0.29913297305067527
4.165725678594427,0.34132482607563897
2.761001885325158,0.32496528623911025
3.0959420857235167,0.44895483843434314
2.6322732471867134,0.5258166914654739
2.799999999483478,0.2792284154502018
3.2193187673686823,0.45389650781042673
2.7752737626852935,0.31341696439593597
3.2047672465108983,0.6693009433587606
4.0542495855292415,0.7867855048242752
3.2538736896694824,0.4913007623291853
2.8060249185279877,0.5981677129964152
3.1917746403842484,0.29796291065305686
3.554127239187481,0.4867611139725406
4.565012086580422,0.6719691014140088
4.4877855156552435,0.39869372093139266
4.599833969435925,0.6797255165827054
2.9718466249959805,0.5202389287229175
3.09422186969519,0.40146299649895023
4.050726261561005,0.553927386813962
3.414456815167208,0.9089842756900147
2.85507179988525,0.5158427387963774
3.464931540657812,0.3690065611325892
3.0959726355652624,0.7476337895057378
3.606169750678551,0.6734107606563419
2.5826554545688594,0.7713100085068734
3.632562634223118,0.8120942165214522
3.600437429755105,0.9039271756122389
4.165244340015471,0.664856017838225
2.890050695165225,0.4972686547143105
2.745775325773214,0.7057240913461593
8.166968373302605,0.6105317233523575
2.8079829683956414,0.6285861515895683
3.046594462138792,0.4928346409587256
2.8966170501811246,0.4120263477945647
2.929025822164386,0.5220793980441338
8.292344141135546,0.5902986426859129
6.780540788197945,0.943438788727395
3.373541943254893,0.3104419163269287
3.0669027177527246,0.3613439708213777
4.200203823048694,0.6726453859967487
4.365122899410709,0.6686928505096016
4.400010493790984,0.6764791165719634
3.0678807041805953,0.5527593652703843
4.803959525224999,0.14430913785633356
4.587245749118548,0.23678646257414945
7.885074743463122,0.22286125335190848
8.134874023763368,0.5092033782424397
4.5000000025721185,0.013186719406362629
4.5000000025721185,0.013186719406362629
3.4491064355279035,0.45644958891445
3.2093372462862173,0.19391775352719076
5.6929375143791106,0.16242528151762953
3.9572954572662375,0.1319254536658309
3.7034886712287802,0.576102380847114
7.826381755383519,0.26228350427613295
6.395975197622329,0.9380050830652967
3.8478141509953416,0.22211081774315025
3.1739331782408278,0.37922372917061437
4.803112794382753,0.015481101862465558
4.572403571593938,0.3062636623927867
7.7935946617013645,0.27570707158941604
3.337089331033858,0.47492290923158137
4.700000001916634,0.01485420594627164
4.700000001916634,0.01485420594627164
2.9381858743998976,0.597706262306818
5.247048510486633,0.2686870781652715
3.703123069586993,0.6302515700643382
3.7012952480844112,0.9424337633868026
3.3974678204940965,0.8354664571273013
4.98347499792241,0.9221921655568217
3.70275747052397,0.6870977614012708
4.600000002244376,0.014086137356993678
4.600000002244376,0.014086137356993678
4.696015010399775,0.5564650118500921
3.6824083762396587,0.7854925285955446
3.7016607836097264,0.8743025475797556
7.632159736288608,0.2750963392358628
3.7023918953170414,0.7466880849878162
3.080619528043936,0.7892905578321441
3.70202633268916,0.8090723648680963
5.329551359106003,0.9683114379589928
4.951770609630458,0.1276268437685819
5.02156097131161,0.12632265644972382
4.560010224053726,0.014150655555157531
3.2468033582125053,0.2564073414722553
3.2616384143900747,0.7411439010965389
3.3807910913164987,0.49848133014380236
3.2811031575717395,0.4225022144836038
3.827224706193437,0.2789072394581582
3.8484379525984305,0.26621032499989317
5.37205838810125,0.2594556970170411
3.281678485545011,0.42219439928012226
7.874526443615102,0.2879810666818762
5.055406428577231,0.051654313265366486
5.269805100010816,0.4679941011636213
8.264908158140658,0.3521972987167425
3.8148729862244424,0.4118255821878251
3.6287057533092986,0.9058637011257638
3.5205049236437658,0.513877233156713
5.661157991659039,0.4737300981143392
3.9076299658616596,0.13560075954900752
3.448849308247608,0.5447225639762647
4.9030579316483704,0.27057296328934627
3.694043507445466,0.4258811611594998
2.550192514791776,0.9020656991033562
3.46913642424163,0.46655793861886447
8.557328701472265,0.2545797703478334
3.3738879101961694,0.35544149460685315
5.650260161728927,0.23676202674785876
4.027156966459092,0.20977543376597382
4.853139158846055,0.13094116340192016
4.66920738834762,0.08833237751778103
4.052967673618926,0.5200242853074643
3.853615165727501,0.49077767785189186
3.273909855675912,0.3640761844799285
3.933965016236151,0.9527027691180786
8.507058871938352,0.4996719915595164
3.9062758345448714,0.35439616920559985
3.7326975557229387,0.5418473816966627
3.9298703038681824,0.28966390044219087
3.6842349596761603,0.25064508553308745
3.9305293018243743,0.48760474858042546
3.205276004757108,0.3653624939183806
3.9691999115816783,0.39065368148252533
3.671351561060314,0.494365607972887
3.388609411836808,0.48519395581689806
3.6717318832534596,0.170490518709732
7.845592981137551,0.48730814447016496
5.237208414079012,0.43919117535854046
3.336662855623865,0.6920711592553755
3.3895373604077594,0.662258636598755
3.3052021424428477,0.35164264903111225
3.760177470878203,0.1995543744975567
3.1231228585503965,0.6224295482411644
7.865622017690605,0.44670731398787944
3.585700583724887,0.9247727845832975
8.725265998953843,0.31524480763443613
3.6254873365457683,0.8469250358179781
3.5453536083302044,0.9950969932231534
3.2645713007173436,0.6412793380871258
3.5719615919827583,0.8359735957338355
7.855889389908145,0.5385477562111796
3.350475625138765,0.5041433665461912
2.7061600002725865,0.1429048942672874
2.706160000314082,0.1429048942672874
5.11308879395811,0.1228526604762293
3.046192965215083,0.0424393950049535
5.320055383374363,0.018979588156139995
2.8489519895488833,0.22625565609569764
4.99760147920381,0.027028852266384705
2.529055418118448,0.7586568499589921
2.529055419047636,0.7586567683256966
2.9461600002435193,0.051492541574186756
2.9461600002776835,0.051492541574186756
4.98615999528076,0.018203737112265285
5.08204306304069,0.031083729774553245
5.3,0.01863411239639172
5.3,0.01863411239639172
5.137174248818606,0.43210380654305
2.775273759746071,0.10678986080854702
4.797324389959471,0.22930188915314734
5.1480009226883405,0.3837739627559344
5.166867103341669,0.02733345652312331
2.7344149943373472,0.127019403995067
4.929779850774713,0.018340855288366535
3.3490059900700393,0.7397865699393289
4.8469715348968165,0.1769508827646346
2.9261600002804125,0.056073115856038025
2.926160000245832,0.056073115856038025
5.032704616913949,0.018565893451712393
5.0,0.018146756468811906
5.2798524117630405,0.06820022388286287
2.72616000031072,0.1314062332047374
5.0,0.018146756468811906
2.7261600002698834,0.1314062332047374
2.7499691509342545,0.12666228176142852
3.0136073294475514,0.5656243372485418
5.206160000518097,0.018589240821689782
4.94664083449179,0.01837364500850908
4.349238420965215,0.1011362055111085
2.7499691509342545,0.12673020138093105
5.1,0.018332202066244294
5.1,0.018332202066244294
4.980024434446066,0.01844232654804963
5.05794610927537,0.018597975677107446
2.906160000247915,0.06107549383318891
2.9061600002831787,0.06107549383318891
4.917433498320033,0.15481754936253533
5.021645597415191,0.018523171575444992
5.032704624666551,0.018544695783263117
2.7461600002672193,0.12079128912194545
4.995360676918134,0.35460085325382984
5.2,0.018495198272323262
5.2,0.018495198272323262
2.8976337212891172,0.06353148471078714
5.106338648599876,0.01867092940241859
5.217857911035457,0.018849490520784624
3.003873880547548,0.048850941832565296
5.181696274697565,0.018789162875095942
5.354643599988705,0.2984835188925469
5.131265574127401,0.018715311174254408
2.886160000250291,0.06653262850165353
2.889697040787337,0.06572015092944128
2.8861600002859853,0.06653262850165353
5.16567367645344,0.332222671798332
2.766160000264734,0.11099875476439702
2.766160000304296,0.11099875476439702
5.294633508487628,0.1107066133237836
2.824382043212173,0.0867900905690983
2.786160000262147,0.10197115968577264
2.786160000301081,0.10197115968577264
2.866160000252568,0.0724796769657032
2.8661600002888314,0.0724796769657032
2.98551495,0.05203976255259403
2.8061600002597347,0.09365451649748047
2.8061600002980605,0.09365451649748047
4.6902062610188056,0.21863578766384711
2.846160000291863,0.07895454468767808
2.8461600002550123,0.07895454468767808
2.826160000257356,0.08599810317058783
2.8261600002949385,0.08599810317058783
2.9615552273658934,0.056623112394331904
2.96434787,0.05607782342557137
2.79501116,0.10620171390802671
5.2502178380425315,0.09724780726365302
2.94318078,0.06052108905053849
2.9192370344313683,0.06609417143465998
2.81617825,0.09780232089069733
2.92201369,0.0654040362573984
2.8346020699807157,0.0910415159204328
2.90084659,0.07076359089038473
2.8557606180410433,0.0839267996632727
2.571624982379818,0.8298384077457621
2.8373453299999998,0.09011064160895234
2.87967951,0.0766390461964213
2.8585124299999998,0.08307279751550023
2.9961098448655052,0.4448500552425705
2.989607988098105,0.3086758973600012
4.754096988924395,0.45760381428570296
2.8441225369742775,0.7346850880928109
3.42513497157932,0.9915757582067616
4.731149126452157,0.2546030632956139
3.130307910573655,0.5837773251269631
2.9547604934841325,0.05771235697255983
3.1855506679575827,0.36161496901883233
4.418865509483174,0.4305852207117184
3.8316502173327436,0.7936988024021452
3.9541381930327115,0.5485195319676495
4.233425650108903,0.4984216555737578
4.237373110477764,0.7676860505109879
3.026884093950621,0.0440736836520557
2.999999998827994,0.07764847978137021
3.253540527135142,0.01803464555825646
3.817200093188624,0.5236946659292261
4.3793432295836325,0.4924313137941856
3.0445919981985297,0.06589264390788235
3.282801233702705,0.400237504509053
4.339516977602461,0.4574361921464797
3.151693625820799,0.025600771504495003
4.266253314094816,0.5529984717232268
3.8287601841818972,0.7345318879873644
3.820090115727644,0.5725167636942378
2.889697041127876,0.08103852870299977
2.908704844834334,0.09594468118691618
2.835757832573156,0.6127952753059696
4.344328134487541,0.546740016153574
3.003373989261969,0.07358992873469108
3.8258701463883353,0.6779382999473287
3.8229801336596525,0.6239311813787188
4.381648636860331,0.5593354865632545
3.147882339388047,0.026219667274210802
4.4869338820807245,0.7990865480332282
3.0448204366971887,0.042460102870536656
4.033015290127227,0.5006165531989277
3.234153734831186,0.0193171998279961
3.5630254277695905,0.6660925304405605
3.9614635170098436,0.4817980020250279
3.1516936252392296,0.025998084954400567
2.8896970341028396,0.08323157595491198
3.056706701566134,0.038119669072550676
3.227028565339609,0.01979051468027131
3.0344149951289903,0.04199734603583837
3.2653206588553068,0.018265289269759635
2.889697039567007,0.09337470181131272
2.9547604934841325,0.08497416591856667
3.249874129295226,0.01883705491575791
3.009450266245432,0.04894661706640176
3.0746152347863704,0.035720005765855274
3.2498741340035657,0.018969737636404138
2.9819794082084727,0.07774899864332596
2.705955061014318,0.47470279632965023
3.9165125365431934,0.7870129375921291
2.9033120332647675,0.11013683410653544
2.8733098220214606,0.19152655296183468
3.0063940668182543,0.0867638860028453
2.974109959560571,0.07931123153755383
3.9198340766415103,0.8360392840185144
2.899999999155736,0.0822286458905572
3.3717178121841695,0.40697632267663814
3.237365470044691,0.020127854234955514
2.999999998827994,0.04985915090261496
3.026884082114575,0.04496235310432692
3.212021583330505,0.3236856708020352
4.2616515363911445,0.5045728710689793
3.249874127771605,0.0212302963351546
3.998452819791675,0.3538743092401121
4.2692062778109,0.5219102792790264
2.608760786776932,0.947412385827499
2.954760496933162,0.08091602304145824
3.107336294963904,0.25592583599271906
3.0746152341112407,0.0373322259769827
2.8883128076785587,0.33638019065579233
2.9547604909714287,0.06449212827954369
3.151693625820799,0.03821605180113463
2.9682401478471143,0.07407233218975771
2.954760496933162,0.07495596753622032
3.1875368259515766,0.02604513344172909
2.9547604934841325,0.07144537217379444
3.19999999817251,0.02566305836783532
2.8894642574359697,0.4292293317551018
3.2238972070907446,0.3418355021590041
3.147882339388047,0.02990852442673234
3.193202406423811,0.027945794346954454
4.30112072833349,0.5962273778888874
3.056706710035575,0.04237667275785044
4.428955587478384,0.9635846841124409
3.3454158539677867,0.2618492105505161
3.05284889798364,0.04337309930161109
3.4682682125209383,0.9147841105552474
3.0746152318779822,0.040284824651543004
3.0567067034577216,0.04424247588088772
3.1230189452085626,0.034545888871254087
3.0999999985002518,0.045684271178713175
3.147882335712866,0.03458670594897323
3.0746152347863704,0.04942654428366499
3.0344149978810036,0.05521024279735552
2.896770336512717,0.2605821667739601
3.044591990192522,0.049654058684814234
3.0567067034577216,0.048002109849187395
3.0521155723481166,0.4189902857618848
3.0924026298333147,0.3437322718369311
3.0175658170121165,0.28795140626899396
2.5135009299000637,0.8279367400175189
3.533638357996342,0.010756851461721966
5.88416631795873,0.646582320249323
3.9407976847619315,0.013032213155815053
3.9407976912032336,0.013182202317612185
2.701204962030834,0.5384422848767106
3.860836404616832,0.012741922088459371
3.7249317003329687,0.011588621903835234
3.0972792053833316,0.42552708659982624
3.334415,0.011065319734660472
3.650219837225679,0.010822811860479281
3.5999999982419912,0.010678210554958087
3.5999999982419912,0.010678210554958087
3.7249316913261286,0.011722719617070028
3.536770092174052,0.009231898165288615
3.3481168331563262,0.010789396278884665
3.762998770681977,0.011537328441834593
3.9135651769435005,0.012706220749844269
5.813474088916196,0.465163137383077
3.344449878996752,0.011299119967616048
2.713147732229117,0.4638963929316979
3.3444498752357608,0.011064421759130078
3.9,0.012594137050387299
3.9135651759573347,0.012910414992114599
3.485747131455225,0.010626644978879121
4.917716872584269,0.44281785449520916
5.239009751374777,0.454498995114522
3.5145523342289056,0.010614944082791953
3.6441578440326925,0.009847093185395363
4.354130936642237,0.3553300095577498
5.26257901395314,0.45984350185227946
3.8423725169665803,0.011903348797481597
3.3740736808847793,0.01077021225337755
3.4557104655515287,0.43282060887833224
3.8304914700558377,0.011798204002381504
3.4477685295014973,0.00954055691901002
3.8610539417679877,0.01233843165423495
3.7509230558023123,0.010896799619906769
3.860836404616832,0.0122017216477044
3.3913408268527405,0.010497935121920265
3.4,0.00983898419142977
3.485747130892101,0.01049526840642756
3.5458079774606714,0.010596168226855534
3.7058699374657227,0.011332698815801514
3.830491476488061,0.012344037199298686
3.8304914700558377,0.011882749779385917
4.824524718601822,0.7381044164657568
3.54540357787298,0.009463630330011503
3.4477685269003286,0.010412763483463783
3.4218943264849044,0.01000429336253412
3.8179216276040395,0.011868817548475213
3.7842403690237965,0.011978805971694598
3.566043160833167,0.6874849794284605
2.482161661460631,0.6754902275829131
3.5655849966927993,0.01059638591564333
5.271168176742229,0.4677126265849787
3.8191004083441142,0.011916165360980535
2.7491566333877744,0.6281437488730794
2.7125265547824595,0.5408198253283278
3.4435578866284717,0.009923040165568062
3.6443311368502385,0.010067750315483156
3.5655849966927993,0.009627796622605612
3.4524579489664315,0.010167616104888361
3.7399222664568965,0.01097652898298394
3.7842403603066166,0.011511532048245872
3.8,0.011599696938470332
3.533638358045683,0.009592122495088985
3.6441578440326925,0.010099642060095308
3.792950165446914,0.011758312108197656
3.6441578440326925,0.010949072693826806
3.750923059510919,0.01162165652695763
3.7225038921780786,0.011379964995011411
3.53685260603001,0.009727716834207768
3.533638359341061,0.010322149566534412
3.7399222692543495,0.01150519179424259
3.64415784734724,0.010548820414350213
3.5,0.00946548070326924
3.5012501053433964,0.009843718972061587
2.5260681942897127,0.5634808963550569
3.464568590046722,0.3156122701937702
3.7399222655957884,0.01114415112220725
3.565584999396298,0.010331374224818198
3.6441578399317667,0.010832880075190088
3.5458079746956126,0.009877216190045205
3.6044030018853332,0.5839949073719876
3.634415003679605,0.010709367593724272
3.5628904532034373,0.010155751939116768
3.689081617931776,0.011011141865285748
3.7,0.010637230207554523
3.6890816159199145,0.010961698776542843
3.6443311391008764,0.010695544207207466
3.6,0.00985114768237816
2.5260681942897127,0.5876723357425002
6.643746938053857,0.6958105479529534
2.8396869256612494,0.6738507143492194
6.6641663227593595,0.6414702531741295
2.535582220516621,0.6585243908513798
6.503981186827035,0.6541685009885941
2.4931607775723172,0.8492966713993548
6.6541357929185665,0.7913723105126423
2.4545458436753633,0.900320388002012
4.200000003555344,0.009720832352047841
4.572617489268195,0.013609148969301469
3.9561430639070676,0.4657135148829367
5.999999997655988,0.018765570605232283
5.7867256316442885,0.09909733797346859
5.346713098836846,0.017671863357357282
4.075179403412812,0.1745640088072461
5.472982334970943,0.27436535976669
5.591585926604366,0.4495336518321858
3.347374513331306,0.4793671544684679
5.492221369466548,0.06490364607443828
5.482913561767606,0.01821328830991792
3.8943582363497327,0.6129593871763667
4.081964052769206,0.21607405333770163
5.498834522751163,0.37167836551215594
5.39999999962244,0.017721850674256835
4.543685553323245,0.013447649389106489
5.55255010935516,0.5441629890292198
5.509675694385288,0.34977409755928685
5.447813507169642,0.25210426890845283
5.386311582889915,0.01777670882728058
3.427948280312875,0.4600082940063256
4.211373631814738,0.010029545531059772
4.600000002244376,0.013071370341059355
5.425683601134977,0.25340701402362387
5.941255070309407,0.0187841559803858
5.596959743895608,0.01844570075828983
4.270721971766526,0.00882612197404371
4.352565113109297,0.009531658797001507
3.7895854737251935,0.2828738704428069
4.2855086573945815,0.01138652293780249
5.5399980585759225,0.40073348644456297
5.921419265903974,0.01875830516460013
5.675853455386688,0.41207919230773987
3.6463721248111796,0.4890785172592521
4.552464428899153,0.01211374723516926
2.907813251293831,0.5193742597131743
5.409372281166849,0.31256002342168604
5.8999999979837305,0.018637459398627022
3.8670067016109506,0.38992838919480527
5.166160880586279,0.5115950958248539
5.408498888203639,0.49486120894992475
4.211373637865078,0.009702219765795847
3.7922096051279914,0.4255382704819488
5.480703139729977,0.018219193180158456
5.9655849989823695,0.019036106207825726
4.40000000289986,0.01225989959186497
5.4999999992946975,0.017954888984080816
5.799999998311472,0.018498790174444835
5.842087247457154,0.01864973173396931
4.237910617951535,0.010256651759544742
5.7798129274662555,0.018772536720687634
5.822257093584562,0.01862129583598636
5.568903193358635,0.3614056046121675
4.566255821085359,0.012729377639038758
4.300000003227602,0.011066734727249037
5.699999998639214,0.018340800866169585
3.9150928838112526,0.6268889774318658
4.211373631023002,0.009069337342972394
5.524951795069477,0.01809861952826367
5.599999998966956,0.018159518610113893
3.9852704829785397,0.572714399993717
4.112874790520057,0.3658076177756527
5.544763115770659,0.018140280159316253
4.465585005477988,0.012805651155486727
5.62402175535536,0.018296419094333768
4.50206372030731,0.011526634365671716
5.643839693108456,0.018332719083302466
4.453385123077645,0.010907167159794371
4.310711976855297,0.009430459651396736
5.6873672446749035,0.06255339864538731
4.467791989305003,0.20757245435793675
5.365585007215945,0.017955161098159138
4.013185211586926,0.46081960148892914
3.5750271590017326,0.3189586720525035
3.4905036902895543,0.3552442664800382
4.509472632369542,0.012910442203213074
4.398910317690935,0.010743953264927606
4.330707052338715,0.009724152143184669
4.244144022108096,0.009827745890203823
4.300000003227602,0.009332716352421165
3.958642095790424,0.5176991811994515
4.3706973217790885,0.010293604821063985
4.272904905528918,0.010073736822112688
4.490669182156106,0.01184693959328334
4.366279213342314,0.010261522598762509
4.272904903201981,0.010027667943609984
5.665585003099157,0.018595145691930316
4.28550865176375,0.009864127512467945
4.5000000025721185,0.011984547575344284
4.4706737626868,0.011604186819215878
3.827451319559793,0.24867979758221076
4.418457776553129,0.010953889110847622
4.381844265393566,0.010728987002994135
4.457554992500481,0.011777849884172095
4.40000000289986,0.010738538197553193
4.42547111846874,0.011486851318975342
4.4368875512256665,0.011755699817995475
3.527106150493658,0.5422596886196002
3.7497004102693396,0.6539643883796192
5.392937178235994,0.48728515084756135
5.224378976538743,0.26902199590744286
5.354008273581369,0.01764486966306137
4.051576039531016,0.03839317071581362
5.352136962233179,0.017184044834916246
3.0684935902690587,0.07168456025993238
2.9411216458521396,0.5335242621957813
4.030209635383205,0.017997474804855845
5.596959745271071,0.018237179904958378
5.029451502390693,0.5275005864679099
4.671116191858707,0.014918560874751068
4.387328463302013,0.4326946201621566
4.077601463441201,0.05674697862317147
3.7004400042050403,0.34266300041534675
4.342407455248758,0.5166569851054584
4.020216071871644,0.11656443564930043
3.8967409252348304,0.3508278584938746
5.512444766163195,0.5749583597491577
4.42754252263144,0.012722275468091033
2.9934188797092864,0.7401005893382278
4.100032688004895,0.008483176871202192
4.041173690917487,0.02629172302399155
4.437291889486199,0.16966359189264443
4.056214119050551,0.0334649165535826
4.004358788219876,0.007743680238493132
3.699592632668956,0.5697207937575611
4.044386552295613,0.43854139466723036
4.498913098994827,0.013984285138838362
3.014658261985284,0.09514096568122006
5.200523473407652,0.10760198463029196
4.064917647745294,0.2469898888620468
5.1565204009099,0.39659471623194054
5.0534766768433785,0.513626861191546
2.7151190476155924,0.43662693758658666
4.40000000289986,0.012142564094718011
4.40000000289986,0.012142564094718011
5.4042284000586065,0.3625596939248345
5.16760142183973,0.4391670660716186
3.8410810280570757,0.23969783599832634
4.02191144555096,0.27163271072747003
4.000000001052707,0.007935493301027274
4.000000001052707,0.007935493301027274
4.829541798400755,0.39521352068769494
4.9840027672945775,0.37399574158776894
4.062575712740276,0.06600181598886677
2.885196193502272,0.21183288667876723
5.578123344031127,0.4680846606552601
4.933141571554581,0.4016966606733198
4.5248054351706894,0.014014190451606828
4.960951415696389,0.5849628980146716
2.4296154578166944,0.6010937805715408
4.5266348057359345,0.10166576629789754
4.137642297002116,0.22403969685757077
4.472011377297885,0.013795220428185925
4.921787649076299,0.3999256620227807
4.012425636752866,0.39021282981411737
4.064962395200053,0.07587848795075533
4.1000000009707716,0.009226483097914202
4.1000000009707716,0.009226483097914202
3.5853252653198706,0.13698636333760966
5.600917698870784,0.4513044600019421
4.044702147380221,0.044165522080790734
4.107315747439569,0.05776473889396735
4.167303528642224,0.5246833644374934
3.698917955416151,0.39317138778420874
4.149618583800968,0.00982897040200949
5.574434470981698,0.5099240718081138
4.149811517945821,0.009905652088028157
4.799359876285586,0.39513893427791386
4.859508521507087,0.44229915105117384
4.059871234214623,0.008545899118305257
2.570745354969366,0.791113557442525
3.3093106967161607,0.3937142821515549
4.912776282096,0.5246729696896009
2.6081694563237257,0.8287043460119357
4.318346009877509,0.6134970841682198
3.0664175171362427,0.7815320473841163
3.065061200449348,0.4377400193407517
4.478515553525703,0.8055308573698841
2.6755213521526975,0.3608301926387571
3.0246716307270445,0.9048009332247735
3.180519679879375,0.27866513975354773
5.294983304418343,0.33664370572073343
2.8195422692921275,0.926524680841625
2.791920339155224,0.4471340973698843
5.181903832133128,0.498990536812382
3.203914194241767,0.5992148615598278
2.4632179836256385,0.8159140964990516
5.294174416521334,0.43626905343600375
2.7960257334591407,0.3645631594490361
5.019234732302924,0.5185753878355974
3.774778015738144,0.4767072686737761
2.4666121646009023,0.7629949707888591
4.972174074034416,0.5304736753192656
5.003488855248905,0.3850698506031376
3.916300645417816,0.5839925944038685
5.130105335663196,0.41294660966627134
5.319590991070272,0.4855735818640869
2.8278366549266956,0.35319976618623605
2.874381698413294,0.6360073769051088
