V,V_pred
-0.0010334340274768435,-0.001025526914089539
-0.007470233020520703,-0.007561904018638349
-0.0056366753925629065,-0.005644699278910897
-0.0009574870473041466,-0.001014195439322907
-0.0005116284841860698,-0.0005059356097246864
0.022734786672078233,0.022763784023219977
0.021945520411257413,0.021998015457141903
-0.024110512726752464,-0.02414957219069156
-0.010911575404150914,-0.01089403760052051
-0.00047023996721180794,-0.00046751789838990476
0.015705105994788665,0.01580079316660904
-0.023159012182984273,-0.023157661977252754
-0.03150341098561038,-0.03150818172439302
-0.0004714100568205225,-0.00047186859601812403
-0.011434823151128759,-0.011479958850274474
-0.0024723993432187435,-0.002464654899968749
-0.012089855640128822,-0.012078684953174365
-0.013636414777675687,-0.013638684729772046
0.02277601191936804,0.022719534186705734
2.9769257276095196e-05,8.787597144344073e-05
0.013931467839855216,0.013950780633622192
-0.0003035974368143131,-0.00028176283009377634
7.390612613206171e-05,0.00020527550928226002
0.008932845031416836,0.008965187522120874
0.023824330578576552,0.023836148903991758
0.013338504519220556,0.013241181526858742
0.017618583466606524,0.017569078527232482
-0.04233944758534647,-0.042355139242455875
0.014393408332318558,0.014399115713616947
0.028247350932821713,0.028229261636391487
-0.0002767670091092522,-0.00030573765628429117
0.0028383380655703228,0.00280268891656113
-0.004176893363750371,-0.004182748382256546
0.02639518071551833,0.02641646945982111
-0.0005317921216125808,-0.0006040826091203988
-0.016162692665092376,-0.01615814786886586
-0.004799272194287423,-0.0047463811813862194
-0.00048191364910692494,-0.0005300829413610597
-0.028549914335519677,-0.028532695422303564
0.019980667847237066,0.019986048668714784
0.01113639587870896,0.011183936164340214
-0.0066643406052915855,-0.006650652947599242
-0.0005187850804243208,-0.0005573408253714135
-0.017572623432497714,-0.017539080555569214
0.022018637406252983,0.021955487956341238
-0.0004772060826671587,-0.00042315079336793793
-0.024220473938873333,-0.024198215048405594
0.01964436232357558,0.01970369381469826
0.0022500823175625184,0.0022630354553736243
0.03225586023731075,0.03225361588434349
0.029135612212428663,0.029167207452782798
-0.01619055712691378,-0.016165634757913112
-0.0020054791671437755,-0.0019646668070930767
-0.00045595398892735867,-0.00043554414044388867
0.012080086753688324,0.012072704540881843
-0.008969743670739092,-0.008993209666719175
0.02620464659008037,0.026223216519951492
-0.0009893515808178238,-0.0009890667224572436
-0.008597791233753038,-0.008604194807323058
0.03272106609871395,0.032731415974699
-0.03343133770539719,-0.03340044288189573
0.024194922445170963,0.024238522010194857
7.390612613206171e-05,0.00020527550928226002
-0.000655712775742669,-0.0005664842967744166
0.010745313835319223,0.010729574486263826
-0.0005820515525904527,-0.0005664630819612604
-0.0008467094960418406,-0.0007867949306047117
-0.03750039234436264,-0.03751085383967596
0.014097919889469818,0.014095479122725851
-0.02057866527058677,-0.0205838620906277
0.025375025846401666,0.025423009967595556
-0.00045296073715937746,-0.0004557226166810868
-0.01578069922449403,-0.015827394583485532
0.01248523708348126,0.012567366300163002
-0.0028491409861270967,-0.002847738612809958
-0.0060049270830334345,-0.0060390970975320035
-0.0005003901829601226,-0.0004380908945896267
-0.0005974531951930956,-0.0005173102555388054
-0.00019290151884743256,-0.00016904639230265472
0.03147426759287997,0.031453467121324644
0.007956446069590284,0.007970016522363815
-0.0018981030341265579,-0.001973781066995403
0.03498712150122779,0.03498152507723365
0.02151100899994632,0.02153617424495953
0.016452493929581924,0.016472926139142113
0.029722180853769542,0.029731068376160186
-0.00037407492741565324,-0.00035420041134520686
-0.006541209085391561,-0.006549633414880879
-0.0004566070614779004,-0.0004658529603331074
0.029429957776767046,0.029461269860597508
-0.0005799018541559203,-0.0005709195748618973
-0.004228540576218337,-0.004211389225255255
0.0019340220677166097,0.001988150778897413
0.009322212757041176,0.009315747714036385
-0.01980126317553757,-0.019759712182651372
0.020622774928344245,0.020631979858538874
-0.0017914888242409506,-0.0018202487889879965
-0.0060228321776315125,-0.006029439850993787
-0.0016877045995324722,-0.0017294492178064613
0.019965701585303586,0.01995197145920015
-0.005049045506007155,-0.005032289606950846
-0.0065662435589421975,-0.006704337651089964
-0.0037737294658012344,-0.0037651770383447525
-0.012896945359158751,-0.012901507016129736
-0.001998404207294524,-0.0020120313964904213
-0.001998404207294524,-0.0020120313964904213
-0.001998404207294524,-0.0020120313964904213
-0.001998404207294524,-0.0020120313964904213
-0.0019981320932161983,-0.0020120313964904213
-0.0019981320932161983,-0.0020120313964904213
-0.0019981320932161983,-0.0020120313964904213
-0.0019981320932161983,-0.0020120313964904213
-0.0019981320932161983,-0.0020120313964904213
-0.0019981320932161983,-0.0020120313964904213
-0.0019981320932161983,-0.0020120313964904213
-0.0019981320932161983,-0.0020120313964904213
0.022875170214025742,0.022854475265075058
-0.004017489065980151,-0.003989600153145562
-0.003712775964847592,-0.0037022385532037155
-0.004237547545714315,-0.004222538960126157
-0.003663414509400109,-0.003664926653295708
-0.003600311303824877,-0.003600582207155534
0.024662414063594595,0.024659689530005177
-0.005354738222152711,-0.005361466582118363
-0.006006178805937568,-0.005990663158075046
-0.003452934435323518,-0.0034489998324198357
-0.009784969591739578,-0.009778797454988102
-0.0033118433986284446,-0.003304361717417728
-0.008144367904826089,-0.008127288074211085
-0.006402294955136001,-0.0064180568279682965
-0.0037862194930248783,-0.003776220107756939
-0.0144999681200072,-0.014499397871748414
-0.0032494204767021806,-0.003244196533893434
-0.0032619649261227956,-0.0032579394202584405
-0.005702799061004626,-0.005687844529317199
-0.0059625861652382595,-0.0059476917880741526
-0.011445435590902608,-0.011456682728086011
-0.006461887891885121,-0.006456255054416174
-0.00976045213524701,-0.009768467628823073
-0.013260271785120903,-0.013264388266081902
-0.0036977552776236156,-0.0036973357527428363
-0.0029518911798128156,-0.002958571418479994
-0.005184095616969364,-0.005175872291640626
-0.003613672092386888,-0.0036139152305143807
-0.003864207327238245,-0.003853058230672418
-0.003179813750532723,-0.0031766098046046715
-0.003135431981790504,-0.0031332318662719294
-0.0041746620320204375,-0.004168652711081036
-0.01162018711526569,-0.011627591576546678
-0.0035159287934112826,-0.003506209184231446
-0.007840389509539525,-0.007833394595280693
-0.006156004698050277,-0.006142333495224431
-0.013316626567122292,-0.013330307441072692
-0.007779245521615907,-0.0077980248816843165
-0.003955909697387294,-0.003941552287645644
-0.0047527135098250906,-0.004763350109686482
-0.007220704608687234,-0.007211174143059981
-0.0032733937081316222,-0.0032664907347496053
-0.004133491203833994,-0.004149488713518626
-0.0037549263987662895,-0.0037504658829149856
-0.003577861909377922,-0.0035688798048804926
-0.00697895865454401,-0.006974346596663697
-0.004048265143180463,-0.004030199872020593
-0.002463120259644347,-0.002464834045903294
-0.0024628481455660767,-0.002464834045903294
-0.0024628481455660767,-0.002464834045903294
-0.0024628481455660767,-0.002464834045903294
-0.0024628481455660767,-0.002464834045903294
-0.0024628481455660767,-0.002464834045903294
-0.0024628481455660767,-0.002464834045903294
-0.0024628481455660767,-0.002464834045903294
-0.0024628481455660767,-0.002464834045903294
-0.0024628481455660767,-0.002464834045903294
-0.0024628481455660767,-0.002464834045903294
-0.0024628481455660767,-0.002464834045903294
-0.006051703456283697,-0.006053001493111665
-0.006877895567525272,-0.00687694300122077
-0.0038107097415125413,-0.003791370108167269
-0.007407129818038927,-0.007421947652977039
-0.003472281730515059,-0.0034616321849747222
-0.007283862236459493,-0.007287745361729513
-0.006761485253913513,-0.006759169600684442
-0.00649709942763399,-0.006486454935882832
-0.0066335101058943025,-0.006627377984620625
-0.004926675903051514,-0.0049146348620540126
-0.0022680690423624306,-0.002266723365187906
-0.0022680690423624306,-0.002266723365187906
-0.0022680690423624306,-0.002266723365187906
-0.0022677969282840493,-0.002266723365187906
-0.0022677969282840493,-0.002266723365187906
-0.0022677969282840493,-0.002266723365187906
-0.0022677969282840493,-0.002266723365187906
-0.0022677969282840493,-0.002266723365187906
-0.0022677969282840493,-0.002266723365187906
-0.0022677969282840493,-0.002266723365187906
-0.0022677969282840493,-0.002266723365187906
-0.0022677969282840493,-0.002266723365187906
-0.003263924146867936,-0.0032513525448635006
-0.004541444307705533,-0.004525802617923111
-0.004145736328077798,-0.004129023500510101
-0.02933286755343567,-0.02936224584178993
-0.05325782583526828,-0.05326831008200761
0.06033890882204607,0.06031231568407221
0.052030292988236804,0.05200218616274674
0.02469016967483495,0.024733475291309023
-0.032903681710969135,-0.032953424994895925
-0.03169353694147764,-0.031627529622637506
-0.031952616550963764,-0.03195558910822
-0.04179486611133343,-0.04188731616060279
-0.03662791366583057,-0.03663263669517566
-0.054221108908419136,-0.05421436069449285
-0.028107538830129286,-0.02810422858446418
-0.04178006311908444,-0.04186751015161374
-0.02668963512734429,-0.026775335740906403
-0.041713721755667565,-0.04171279404922122
0.047155590833928396,0.04718025205777586
-0.030085724974706796,-0.030082506463602214
-0.029839652409502426,-0.029880956722537592
-0.028882764012551854,-0.02888632703498073
0.04762422533086241,0.047698484324054144
-0.056900995070853,-0.0568786855393503
-0.025328494373037747,-0.025313664539460642
-0.042928846211864435,-0.04294670394458801
-0.03570547488459097,-0.035702175705397174
0.025159266763536525,0.025125010840883782
-0.028950493154365153,-0.02893796745495278
-0.051047635411889614,-0.05102046556294777
-0.05818523644725948,-0.05815551833628268
-0.031560255573571394,-0.03156558710993995
-0.03942230534642144,-0.039359266569657325
-0.050540687286138364,-0.050537774436504604
-0.02949703384293617,-0.02949214270581435
-0.04102962750723255,-0.04099949428560005
-0.033890584268175705,-0.03388904006932265
-0.04916966880099749,-0.04916240726559502
-0.03107216493705206,-0.031025720117746618
-0.041774185456848745,-0.04178052906665968
-0.03017476063245672,-0.03026532014304134
-0.03164387616394693,-0.0316159952032502
-0.05028783908316803,-0.05028788008158813
-0.03255077724399791,-0.03260688274569135
-0.043527932088433974,-0.043516740554152056
-0.044563162070065054,-0.0445414928765511
-0.04455347481692007,-0.044267125008147314
-0.038460410051667115,-0.03845118961137323
-0.040681784357168405,-0.04069290253555312
-0.0342745641406178,-0.03433403864512942
-0.06052405509430159,-0.060393248421610125
-0.0493939722584974,-0.04937806353251573
0.016426588691599298,0.01642178624556323
-0.05031954034699737,-0.05050952051109797
-0.03495697128547948,-0.03498924682111492
-0.04536685035847565,-0.04531849757630932
-0.04780806545492333,-0.04778917055065506
-0.052323087504494326,-0.05234081227895694
-0.04021418389435072,-0.040034198060321984
-0.04318811629594643,-0.04314231465870271
-0.03361874252048119,-0.033653048716550525
-0.030185754030702783,-0.03016031498143385
-0.03876125913659967,-0.03878690492057861
-0.04694788632283198,-0.04693701245614072
-0.03809041683233272,-0.038090418816864764
-0.03654217058811898,-0.03657337256587363
-0.0320550129972757,-0.03199930281772539
-0.0326120028621234,-0.03274257196712716
-0.056183811774005,-0.05617910841210083
0.057454991683932644,0.05743409541644047
0.04562843341686362,0.04563160974262424
0.04791701984402641,0.047906981159956494
-0.045598773007075044,-0.045600597410733815
-0.03918371590754355,-0.03919321213289243
-0.057990049174485137,-0.05797296036125349
-0.04264054157325892,-0.042671692449107186
-0.03403181136345673,-0.03400874404557718
-0.03887693474127185,-0.03886695538291214
-0.04489070552411678,-0.04485643939470782
-0.044671762711794405,-0.044665709730499874
-0.042046897968975094,-0.04205626783900238
-0.046104333351336124,-0.04607027195367444
-0.03643199168721023,-0.0364295240230258
-0.053295976200588235,-0.05325933832591855
-0.0592624263820265,-0.05925660131776464
-0.04013608721574358,-0.04013408897968712
-0.03807392673341681,-0.03805456064631482
-0.042550390251190784,-0.04273998564282477
-0.04546761412341116,-0.045486314002585446
-0.04598460325277476,-0.046049263325046226
-0.04308465860751309,-0.04307854221908375
-0.051115990412061385,-0.051104672738214854
-0.03878335478367301,-0.03876899927315655
-0.04133355148032214,-0.04134687987120528
-0.04490041998836025,-0.0448379504312924
-0.05407623548881957,-0.0540923780493917
-0.06420915707501706,-0.06422526370312266
-0.05506419928814732,-0.05506978723609747
-0.067772215992146,-0.0677652132510474
-0.06704431140803657,-0.06699858752127902
-0.06867857284404022,-0.06864088044277811
-0.06441868475136636,-0.06442666829689528
-0.06949417972660643,-0.06955843612897833
-0.033556129120865585,-0.03352757897349416
0.04867733318671241,0.04863540500031735
0.03045658895847303,0.030466399737478833
0.05049404696838056,0.0504507723939233
0.027306081870355214,0.027348530984933908
0.006732042532912819,0.006680365463822557
-0.0016292273301951044,-0.001524625193651194
0.04036218662430424,0.04035679271273826
0.03132729889704289,0.031315842094510354
0.026358799093254226,0.026328007541476475
0.0448947872321982,0.04490229498108356
0.04146887370536262,0.041479535284839816
0.04037328887003788,0.04035108191025978
0.03651634698343176,0.03648934929599215
0.03297130200838849,0.032981242137444494
0.03064578972771148,0.03061996100010496
0.010377116567045652,0.010344852698631918
0.0012261178544428208,0.0012252652894157584
0.004948880394518795,0.004933932943391783
0.025728501752628086,0.025613177389454594
0.04244426584417127,0.042429496813436565
0.021550683199155207,0.021533678469300627
0.04116037821823215,0.041166558654050237
0.04152408560576004,0.041522213163525945
-0.002174570721152569,-0.002186851764820294
0.02609800516600269,0.026122235040205236
0.0037331572910619393,0.0037174166422132837
0.019817345107976336,0.019864169067692172
0.009412010331735554,0.009464149023143825
0.045677060163371586,0.045703301817359
0.03151990108761993,0.031549737013752896
0.044906107169813025,0.04493767983453022
0.04584669594553703,0.04584780221311974
0.05068028169694938,0.05068192667299691
0.02576148195355349,0.02581004394709463
0.04287608332889126,0.04292957884198158
0.044736280906864656,0.04469203420916229
0.0345359839262277,0.034549187608373416
0.026046738915100565,0.026043642507343714
0.03749073230231614,0.03750538260523971
0.050283702952889864,0.05033674121760104
0.05919864289280219,0.05923057376926037
0.009806194471287166,0.009730250460791678
0.01925828717489597,0.019228477884255066
0.043803964391697314,0.04379604840633816
0.04677580151705518,0.04677039209858039
0.022236627823941646,0.022237379920756653
-0.0018833816782665158,-0.0019030993373175403
0.0015364637117376567,0.001597151391563953
0.05163085705099524,0.051642735559904895
0.0259128861048456,0.025917779922447065
0.022626104393959956,0.022657148892013868
0.03210440166382167,0.032131197343264445
-0.03468137436288543,-0.034670288869330095
0.010012783314971907,0.010045176918606208
0.04768286586679049,0.047670068889230185
-0.0006975638875781343,-0.0006625660902870173
0.023257435768702428,0.02324289644109334
0.019468331868303435,0.019552978388691716
0.04512801602280503,0.045131271949980956
-0.00019379949437781097,-0.00024647192436759446
0.022090747581324233,0.022112294954052647
0.034979638368714316,0.03516291976875488
0.03626197494657257,0.036250812753554365
0.02777324694940997,0.02774384734242963
0.010111723917748283,0.010111470127509264
0.02895756811421435,0.028870017996481367
0.016079126500007312,0.01610797140493886
0.015548667734594401,0.015560856138356852
0.04641337306352977,0.04643263710573585
0.03424629150922559,0.034268208928462454
0.027645679970961345,0.02762084881920314
0.028736475597270217,0.02879028582439598
0.046102102019606184,0.04602826764964334
0.030554849271413276,0.030546887015263258
0.029656356510504578,0.02967056008126731
0.015314921926929292,0.015344867395762338
0.028998085866756673,0.029019519203039412
0.027576454203264156,0.027604276710418
0.010883901426205933,0.010818226307695925
0.04018376156452419,0.04020967490729267
-0.035799218111874254,-0.03580037589783899
-0.035771680189421784,-0.03577359568401823
0.01771991866461009,0.017728595173750722
0.018259792569089717,0.018256647545361687
0.016025846603069382,0.01606277690703148
-0.0011063333305909584,-0.001544905551523798
0.01104012199451887,0.011047649795439235
0.03440204948267733,0.03437395735499317
0.025080598645674135,0.025060860919060887
0.043052848496196505,0.0430242601086918
0.018014291443140595,0.018082136168302773
0.009419166927973843,0.009399576572842377
0.0330373984626382,0.033017782692764966
0.03381792986804133,0.03389585176761263
0.020811812427898202,0.020824051649633163
0.04130144204382857,0.04130398406064768
0.03236816163174261,0.03242215857117392
0.03643582849231164,0.036353916108897044
0.029296540350274958,0.02924668817518143
-0.009649756211092875,-0.00960160023755266
-0.004596982747471778,-0.004592421368334917
0.0010281822297868448,0.0010291259584135765
0.006221094332375665,0.006227363116327475
0.013501364666713589,0.013517891774655538
-0.01726048162104865,-0.01726990586874324
0.024873057404262044,0.02486605507170818
-0.02687927127725187,-0.02691372056741221
-0.00430701821329782,-0.004355209926400538
-0.030384070613831082,-0.03038534427064357
-0.038156785403754334,-0.038153970002588806
-0.022532034633494957,-0.02252160971897861
-0.003727143573333924,-0.003714619917155146
-0.022200926485326566,-0.022150812593764113
0.006435003041983078,0.006436506378757728
-0.005924626283794754,-0.005928226674919115
0.003962277162489092,0.0039255896953478
-0.0162951576938572,-0.016310138266248296
-0.024176690817391155,-0.02418569042193832
0.023652136925312206,0.023615603197292903
0.01911798526933739,0.019104247676687988
0.010453526142079506,0.010428089508358176
-0.000879880174656622,-0.0008992409673359569
-0.016763710554402178,-0.016755833844517405
0.0013011124337947155,0.0013035398359477757
0.0002432970053176664,0.00027758100197962376
-0.007481471324840228,-0.007467902942815158
-0.011538933915206107,-0.011518447374161425
0.020656244932135914,0.020650696904557037
-0.0035511947513571784,-0.003554529157221889
0.009028411420859361,0.009062154424880828
0.011580703393746117,0.011570370701867796
-0.011876980967731376,-0.011879716566010785
-0.01220221145366418,-0.01223223017478691
0.014928329761191517,0.01492388104455035
0.007068320845475706,0.00701976771487077
-0.006512963665098015,-0.006470875483035016
-0.006458078297882142,-0.006492479934216144
0.019717833069038515,0.019717051619161
-0.015479169855912411,-0.015467702147303503
0.020391668625073467,0.020393686060703936
-0.03156795639487264,-0.03155698472455602
-0.016575462185984713,-0.016605617662182583
0.006658081987677256,0.006651044302168466
-0.02625651149133612,-0.026221150308767392
0.00221903412628377,0.0022786869490344502
0.010791192233039038,0.010770104664863209
-0.01704464090488811,-0.017081815632048324
0.009564203617257738,0.009608557820649288
-0.001970131575902423,-0.0019646088118632776
0.008326493711121596,0.008309375710328637
0.0017165486670860375,0.0017110827805205397
-0.010553228661800362,-0.010542275047510229
-0.026716356707561895,-0.02672970311413709
0.01623200006608505,0.01624658302683761
0.010004184521233861,0.010015102750010843
0.010631270915117008,0.010608861377323947
-0.00044898787347202873,-0.0004050997413020674
-0.02027335351600712,-0.020273790264431803
-0.0002742091411040426,-0.00025358382576497196
0.014668324968170166,0.014664509027972505
-0.013986489262563406,-0.013983726894972542
-0.003620692633132694,-0.0035915578143305565
-0.03537774094975632,-0.03536926016847116
0.014077946732826252,0.014033365176264107
0.0012264716018166588,0.001185561107851979
0.007126226675557956,0.007172426481204114
-0.003940562476981602,-0.0039629751173455435
-0.010976501774978997,-0.011005338324512837
0.0080592506885665,0.00808396858174694
-0.018651446051734633,-0.0186357693726905
-0.005580837627619739,-0.0055594506653098424
-0.004227180005826725,-0.004210256636932433
-0.021472804212429364,-0.021352063049864672
-0.013817560975145415,-0.013810134086313958
-0.029997696139974717,-0.0300352297486986
0.005251226108428875,0.0052278220293638655
-0.0022352521111214663,-0.0021966081248582237
-0.025212084062519624,-0.025232971245829558
-0.009464065713774228,-0.00940666976334438
-0.022037821437947303,-0.021996261799154773
-0.00941181985095274,-0.009450628001589731
0.015641866733721033,0.015654164968709056
-0.01377089344938276,-0.013749028993944236
-0.0013869915700922553,-0.0013925401515240826
-0.02177686424101133,-0.021798363079402736
-0.01737580347525336,-0.017344386114730867
-0.011602336445958095,-0.011609166025945944
-0.021037612514375748,-0.02104864243647271
-0.005796759977075738,-0.005789982901035343
-0.015847503179678313,-0.015853895365161783
-0.017526608979285596,-0.01753742008077057
-0.03256680475114615,-0.032564391901126054
-0.02233548679032904,-0.022343044586178987
-0.022028188603905652,-0.022010844178843636
-0.014820218925421957,-0.01480325220579639
-0.0157761821357435,-0.01576968460017477
-0.004393523214140993,-0.004387636826826802
-0.011364508930211792,-0.011341153247299174
-0.015437699702549157,-0.015436960152741083
-0.032265329801667963,-0.032297159861189924
-0.03541746957425573,-0.03543347402491379
-0.028171540011235008,-0.028117373236846065
-0.033840787432059094,-0.03386566054423022
-0.029232838497439628,-0.02921276140552178
-0.011201594360521816,-0.011235145142865492
-0.011418822855078947,-0.011456741229737145
0.016121304145024495,0.016091827206586848
0.005659532956580587,0.005684116562156102
-0.017014844436513465,-0.01697646050713502
-0.000724176623401851,-0.0006828495793615441
-0.012991178386214552,-0.013026699936356904
-0.02854041756006409,-0.028507137640998048
-0.0303263552645317,-0.030296125240633034
-0.033606524607335764,-0.033599820407532885
-0.013721613630324259,-0.01376666994547062
-0.013692361390106322,-0.013736947086539109
-0.03568514798057354,-0.03566490114241499
-0.03794921695124376,-0.03789624032149093
-0.011933172476954634,-0.01198670137080296
-0.01707704966655843,-0.017123983198631232
-0.007325305178724262,-0.0072885537873692355
-0.021465565982895674,-0.021451352746873237
-0.03099401383624789,-0.030973235139253437
-0.024822498648107427,-0.02480337353858978
-0.010185031393526667,-0.010171008238135854
-0.03471421850831846,-0.03473502564186474
-0.03526105852515993,-0.035221346207462284
-0.019162339826981206,-0.01919495669160356
-0.022910517805267205,-0.02292254670687295
-0.018067353645103534,-0.017990193539759107
-0.02763022390306824,-0.027657167398675818
-0.028824313954313063,-0.02884896378067503
-0.013488275992229848,-0.013508527465943013
-0.02123856859880463,-0.021248580207307258
-0.01210327085707491,-0.01210780549764321
-0.023872494733316763,-0.02392102015994993
-0.009126209142031882,-0.009090473212236348
-0.011330467487165097,-0.011375068786603958
-0.028718869834036154,-0.028774474825212518
-0.018854987221454456,-0.018852261048594943
-0.019448358708566316,-0.01941095384035193
-0.026292267255241808,-0.026263773159644323
-0.03230854148389506,-0.03227562727508791
-0.041003667847053005,-0.041029227894075856
-0.011704487989290246,-0.011677203240186819
-0.02222762085444563,-0.02224930677577064
-0.023083473375475783,-0.023086358893159513
-0.009057146644019132,-0.009092599617609318
-0.01691878824420484,-0.01695207347371986
-0.013568631213665527,-0.013559247339939191
-0.019139400629668124,-0.019180297947026498
-0.031325775056966765,-0.03128529541050452
0.004411373880354966,0.004420585843977226
-0.035378883828266594,-0.035383076309539296
-0.026917503272773702,-0.02691530532285672
-0.03236590308582077,-0.03229718451952597
-0.037939584120295744,-0.03796089525068994
-0.00987027728878187,-0.009858120165445926
-0.021476423328743,-0.021458356889648533
-0.02044317977895549,-0.020418491733650478
-0.017043634081870263,-0.01702765320331754
-0.008699670663006864,-0.00868137498565169
-0.019024242042054162,-0.019019337477091898
-0.017560949750602628,-0.017587229528517878
-0.011553083834904554,-0.011506943255768884
-0.029118632307553016,-0.029104343533057485
-0.0213273049313778,-0.0212986765617557
-0.022271349553730946,-0.022285433407377257
-0.030487609938653293,-0.03045651784167725
-0.02529004468563445,-0.025293883961830674
-0.02254278313185476,-0.02250297891270893
-0.02681692999171459,-0.026810797352066977
-0.015225940694469864,-0.015227775197882522
-0.01848066739105897,-0.01849237065132335
-0.025651629585826563,-0.025609213174763244
-0.01544627128828241,-0.015439108325032223
-0.02792075987340381,-0.02787611361184359
-0.019889999508110767,-0.019912172741769818
-0.020381491565968746,-0.020394017905905913
-0.027786988699537774,-0.027810253926579542
-0.013710729073378447,-0.013699361520130938
-0.02383760973384308,-0.023829186211748198
-0.016659490945931,-0.016641811508956793
-0.03215787203844889,-0.03216824151857644
-0.0328565243792468,-0.03288962996417649
-0.014787810163751636,-0.014824648858870158
-0.02721759044076183,-0.0272213793046263
-0.025576009145022616,-0.025584397801855466
-0.01659015633383981,-0.016590600022863167
-0.03283924514919434,-0.0328304062494235
-0.023746070630284888,-0.023724452491574212
-0.028796993723741837,-0.028798916008276956
-0.022068651937344586,-0.022082221819617297
-0.02594543092510182,-0.02591805121488938
-0.019571816770928785,-0.01954186193153707
-0.018291629891505012,-0.018285898380226526
-0.020750369117891354,-0.020729506601254208
-0.021169424467496423,-0.02118746572042072
-0.0031619086590282675,-0.003188649282150402
-0.0017183718292453822,-0.0017247161796463129
-0.02942359031475894,-0.029424219699728874
-0.0016434044609920772,-0.0016451829593738115
-0.018318106568742776,-0.018301268352350762
0.03689978262462362,0.03691678573681177
0.02867261047475045,0.028662952965067504
0.04027940958726217,0.04030685010662441
-0.02622138159197618,-0.0262197934513154
0.03808187245769795,0.0380064897658557
-0.0013245686481659696,-0.0013469185590421484
0.037492310564589126,0.03751837035220884
0.051089432101528165,0.05112745434678849
0.037874031891109106,0.03789164530091632
-0.026838508618636125,-0.02685509405954798
-0.023349056505556076,-0.023355908093173457
0.04251800869752531,0.04252109417606566
0.04518875183806437,0.0451858780375364
0.046100224432156334,0.04609995074528353
-0.023991435700741692,-0.02398282412119713
-0.023955190133969906,-0.02394430136492378
-0.023955190133969906,-0.02394430136492378
0.03975605299589047,0.03976991894717462
0.0462223763463242,0.04633767964731747
-0.037309286779669604,-0.037307271723542264
0.01515483734241646,0.015197079592960322
-0.019587708219491073,-0.01957270520421582
-0.027938147950943737,-0.02794283781954275
0.038095532571436774,0.03814460952202013
-0.022087835962851687,-0.022084682917199117
0.016679899483243665,0.016650794523581883
-0.02518606998014311,-0.025180544691452728
0.056889212538376754,0.056912008153241975
0.052140526314436,0.05212043959997191
0.01356435902789499,0.013577311808991924
0.04167042844014518,0.041665459041373365
-0.030214598101350076,-0.029989556237859823
-0.021473674976861368,-0.021457578711659528
-0.01991182303801209,-0.01991269289495655
-0.014217704410228182,-0.014203699171636858
-0.02089633099689775,-0.02088458112300353
0.05296786130418785,0.05305246166073835
-0.026473603933494405,-0.02647798079877245
-0.020200073254420747,-0.020261320929147425
-0.02346742603681945,-0.02346253741903432
-0.039902695155452306,-0.03987992311185534
0.014178574439175917,0.014219904787831833
0.0417062930484447,0.04176777314016415
0.0488245739997214,0.04883926856794099
0.044382478461269415,0.04435351026708259
-0.020825581389124492,-0.02082784064925495
0.05037627608747086,0.050491670093489524
-0.03728977621479368,-0.03728892474236281
-0.03571491723475617,-0.03569385766666796
-0.02641349397659354,-0.02641185453725601
0.0531232927413644,0.05311543689827131
-0.02224215173570998,-0.02223442216316019
-0.02503382227242401,-0.025035117534584345
0.008168722094727743,0.008153822992314375
0.040488012073889024,0.04049724651807911
-0.02905362430652314,-0.02904466254061098
-0.023622394879134645,-0.023619162076841234
-0.03433132709218978,-0.03432758348444781
-0.021630875154000084,-0.021631543896031676
0.047662294059793386,0.04764521090173435
0.009770438710475116,0.009769337835205116
-0.027671911745219324,-0.02767426329196833
0.059066205075135825,0.0590014810958759
-0.032960825621013434,-0.032966101590017824
-0.029612165219451758,-0.02963261584809134
-0.03160651492976341,-0.03161508038878293
-0.028958983106803005,-0.028964747662374543
-0.030271578744803462,-0.030279731673458897
-0.021664562852766522,-0.021656578476812148
0.05976654452260055,0.05976705821726193
0.026802208629667312,0.026824831467822233
0.04557548005929457,0.04555364956153149
-0.034178671214899814,-0.03419781575288558
0.05636095789978235,0.05636190901730519
0.04042741231721558,0.040471067965764274
0.06032067719117262,0.06035427269544631
-0.02059583565624523,-0.020573433262336217
0.059688230152112,0.05965644583677106
-0.022407678598695746,-0.022407614553451284
0.04137303520184171,0.041411266461200205
-0.024894445553494293,-0.024898101312060092
0.04609919039804,0.04610265643036225
-0.031297012622708564,-0.031318504588463386
0.030465405447186233,0.030407315806587634
-0.03443312488814809,-0.03442083327237439
-0.009818330751137139,-0.009813249326499483
-0.05612805564545087,-0.056119468855805654
0.060276458689021206,0.06017277203976308
0.0027401865939304937,0.0027123606959351815
0.057971708696124336,0.05803175358157321
-0.02464102591126882,-0.02462217412403029
-0.04425257130669702,-0.044231592871022574
-0.04753921696209029,-0.047550032814385496
-0.009791364267939695,-0.009747589964606097
0.017491506287930503,0.017501821057530204
-0.040988783218414926,-0.04099814056807506
-0.0011152314556931234,-0.0010778514335531564
-0.0011152314556931234,-0.0010778514335531564
-0.0011152314556931234,-0.0010778514335531564
-0.0011152314556931234,-0.0010778514335531564
-0.0011152314556931234,-0.0010778514335531564
-0.03900844737230941,-0.03900850823855556
-0.013746185509013714,-0.013714958982458683
0.03284667385641726,0.032798203390200675
-0.001892660758747243,-0.0018561294873095519
0.0328440343520231,0.032795601374998165
-0.0018431088225168632,-0.0018093789098708596
0.015972076906359045,0.015940841809283984
0.011991813015976405,0.011954473606297061
-0.030965088135398777,-0.030962585592703873
0.0027294925208611875,0.0027235273739113497
-0.0014536050414000953,-0.0014858926973583264
-0.03257940362276379,-0.03261428780682964
-0.03444613192933638,-0.034432525234337395
-0.0016852555728275667,-0.0016923928452800552
0.013885208483663258,0.013902416009512891
-0.0013971958372018395,-0.0014071383807128801
-0.0013142555335688907,-0.0013361647312442743
-0.0014707754270586251,-0.0014815500914411306
-0.0015508313264110743,-0.0015504497405293416
-0.0017798151392522527,-0.0017589082927634836
-0.0013760525909495107,-0.0013888390112375831
-0.02442213752114336,-0.024408969084006103
-0.0016044649676291503,-0.001596012395148047
-0.0017559235411182192,-0.0017618483194644236
-0.0008260016304586851,-0.0008170605773909073
-0.0008260016304586851,-0.0008170605773909073
-0.0008260016304586851,-0.0008170605773909073
-0.0008260016304586851,-0.0008170605773909073
-0.0008260016304586851,-0.0008170605773909073
-0.0008260016304586851,-0.0008170605773909073
-0.0008260016304586851,-0.0008170605773909073
-0.0008260016304586851,-0.0008170605773909073
-0.0008260016304586851,-0.0008170605773909073
-0.0008260016304586851,-0.0008170605773909073
-0.0008260016304586851,-0.0008170605773909073
-0.0008260016304586851,-0.0008170605773909073
0.002904271253229118,0.002933995984423579
-0.0013709096376534197,-0.0013903369333805454
-0.03938782851961198,-0.039371603881351545
-0.0018699120422170298,-0.001858144183831581
-0.015051406865081718,-0.014937720503478469
0.04663827517138319,0.0466320666754093
-0.021798143545849635,-0.021791140832742542
-0.0014163526547040575,-0.0014269768751059564
-0.035928608252482175,-0.03592489264611559
-0.001574913402234427,-0.0015754417239785823
-0.001554287169946697,-0.0015490562760173548
0.015312418478027445,0.015319764055370139
-0.02966024774089654,-0.029683523361357746
-0.035102905950293806,-0.03504834967097098
0.013127262528199402,0.013126860933477286
-0.036416807733395395,-0.03636920905324308
-0.02210451654564405,-0.022088555554814877
-0.032063394105319665,-0.03205324187547806
-0.03836078916524177,-0.038395837521883996
-0.00045535533857377075,-0.0004974257869929249
-0.0033926067927283476,-0.00336991604895695
-0.0024383851112705357,-0.002367378421360422
0.0014602174094817122,0.0015101161133220936
-0.03850623402719,-0.03848969117751107
0.009825324077690989,0.009830078564941724
-0.010955331314534633,-0.011026277152195348
-0.019356220954654446,-0.01935656145243883
-0.03566161013290692,-0.03561337420788297
-0.03394400022060601,-0.03391456923376709
0.0017698829862209942,0.00178133725536192
0.010106689811939629,0.010144419689483278
-0.03434743623263342,-0.03434924385086688
-0.027464560984590103,-0.027438275011588756
0.003484635699152694,0.0035210749481371373
-0.026179911438612924,-0.02617793425948732
-0.008629356438996372,-0.008629279381715822
-0.034848506699242554,-0.034832808312258004
-0.02632747878480357,-0.026365313536796865
-0.04742732373722913,-0.047434718578939425
-0.013758729958434301,-0.013771788727541999
-0.03719317579432829,-0.03718819742342784
-0.019316410699953185,-0.01928288510030874
-0.03915010984825951,-0.03919732050767791
-0.03719257714397467,-0.03720829283230916
-0.03806451159125657,-0.038087017345532624
-0.025139511295680705,-0.02513500075562935
-0.013513228832485152,-0.013531804692802574
-0.01048745873763876,-0.010510858716055352
-0.03902586265785424,-0.03902431101081361
-0.027914174719514184,-0.02791892118606163
-0.03515907024841869,-0.035142471504150036
-0.033209646538099435,-0.0331943819716538
-0.034699497146271296,-0.03470128034208474
-0.0320706323348533,-0.03220960507683917
-0.03149013183034377,-0.03146788007046905
-0.027403607477449354,-0.027429713174718234
-0.03239371312235151,-0.03237309702651274
-0.033110869208101024,-0.033073921120261626
-0.03746531686719967,-0.03748323404510824
-0.0018002508907570876,-0.0018630676169766186
-0.0018002508907570876,-0.0018630676169766186
-0.0027638877112816165,-0.0027457167131834104
-0.002098106727015294,-0.002073557892170688
0.0300915210005534,0.03004280814639021
0.037421343268028096,0.03744782711177026
-0.0025175430350925787,-0.002502385971796653
0.0006004192358625982,0.000651009311596687
0.029430910177588032,0.029430339843493622
-0.018075190524990875,-0.01806893875413324
0.0036228695426657465,0.003580940665453905
0.01397791767683021,0.01393400619580537
-0.0023143556127465416,-0.0022878450469563105
-0.005433868931782659,-0.00547477273041061
-0.001422665694515289,-0.001460016278677409
-0.0014229378085936113,-0.001460016278677409
-0.0021645297175402582,-0.002225669661982982
-0.002718471908423033,-0.0027180851121421934
0.01718399041271923,0.017163254603354994
-0.007032837198741981,-0.007056338949012093
-0.002280232533310854,-0.0022564358814704394
-0.0022104897516490637,-0.0021859616940408805
-0.012621348436564594,-0.012639647339819822
-0.0020806642272784386,-0.0020827164744504217
-0.016106882111247667,-0.016077295064747844
0.006658381309760521,0.006668650850456717
-0.00161230184751642,-0.001664308793000141
-0.00161230184751642,-0.001664308793000141
-0.0019025657037736263,-0.001943329685856282
-0.002101616992747867,-0.002106206047350262
-0.002504073395949522,-0.0025478156983603506
0.03054170617473262,0.03059402163789346
-0.002053044668436881,-0.002105802860047426
0.03527096347018632,0.035225197217890455
-0.002523692805219387,-0.002555045669413586
-0.012519060837740098,-0.01250784477491175
-0.009106372040880634,-0.009129484911909916
0.029640437850843804,0.029634438306616398
0.035431537857565254,0.035460016213525083
-0.0024782225801638514,-0.0025031273927453995
-0.001988499262268184,-0.001974470217382382
-0.0074784780730722256,-0.007461234476270909
-0.002370547125063424,-0.0023986010963174265
-0.0022468713739131844,-0.002265410304345239
-0.011750529653600905,-0.011691233564428312
-0.002308831700978231,-0.002326445545262068
0.00014985310321118106,0.00014036550801270475
0.02401687834695665,0.024007351496641502
0.00945688190643753,0.009529322876205532
0.016221959065566227,0.016227791715667503
-0.00385694188969965,-0.003896998876577157
0.028181771489443008,0.028167290908696282
0.004748903915822056,0.0047165724738138515
-0.026106250215460702,-0.026065142108489092
0.02285165957436394,0.022858757005473948
0.0075174991997305485,0.0074937861320679144
0.030441051257284413,0.030381823874682634
0.030568999194205304,0.03056580829578065
0.012084957592906065,0.012130317378281172
0.020301898261477547,0.020256737324262156
-0.022969430455273665,-0.02295666329353671
-0.011403393998284161,-0.011384566957612044
0.03698800194323215,0.03700429827230518
0.03256468226381015,0.032576522419291
0.026950537898989713,0.026951281381681028
0.056167430522576445,0.05617045023641125
0.027906746009197625,0.027936885530047917
0.03150882605298477,0.03150915785894978
0.030630905099073402,0.03059531283708916
0.024098621349882388,0.02405097943873634
0.028072027969203495,0.02805052978854622
0.005617273675174395,0.00562735838846834
0.01179681622089146,0.011807412402440029
0.0001874864514730401,0.00018625712728762012
-0.0006771009249747495,-0.0006754125633013225
-0.008942042478602114,-0.008924737359815693
-0.0465813217390284,-0.046579514790063586
0.032328841176813894,0.03235573687829542
0.032460163327068525,0.03246440585705923
0.030940516250522188,0.03097056071309609
-0.029747024852724513,-0.02971084461502283
0.02793066481843015,0.027929980340441002
0.008828598211847116,0.008828516769463154
-0.0017725224875216883,-0.0017695251223103226
0.0334230110195502,0.03343145778565049
-0.002492835091630008,-0.0024695371984124193
0.034397341916237556,0.03441019722387542
0.001734453758590604,0.0017206868783519458
-0.018218921069173666,-0.018223132844689398
0.03538247573038816,0.03540049888435104
0.036379119962936635,0.03640221441797177
-0.024337319630060583,-0.024338711060186723
-0.04656202886603378,-0.04658004861163017
0.023323804340124044,0.023341495787203834
-0.04705928973863993,-0.04703992034951307
0.028407408306236115,0.028311197366370708
-0.024152799222350696,-0.02413234002978542
-0.02419748031626978,-0.024237050389007073
-0.022235076775860674,-0.022230697342727222
-0.025677208290627473,-0.02566668064504142
-0.0006640122473975871,-0.0006838897283870382
-0.0008491313085546986,-0.0009090462751303041
-0.0006637401333192613,-0.0006838897283870382
-0.0006637401333192613,-0.0006838897283870382
-0.0006637401333192613,-0.0006838897283870382
-0.0006637401333192613,-0.0006838897283870382
-0.0006637401333192613,-0.0006838897283870382
-0.0008803699806163058,-0.0009401221198324095
0.02944919622756481,0.029481333973364332
-0.001477687120317029,-0.0014852340177598372
0.022908803487501794,0.02287650317207275
-0.0014207336879621286,-0.0013959472524305294
-0.0010852989287326083,-0.0010771469961987357
0.035484382370740475,0.03546672115015209
-0.001508735308502162,-0.001511262172931363
-0.001439319063115646,-0.0014135045349648323
0.03303590183984778,0.03302397743471561
-0.001608002447553776,-0.0015785739478468008
0.024645189252645527,0.02470858473512938
0.05745749513283449,0.05746678473219284
0.026822726017561194,0.026847030254777457
-0.001649010006055815,-0.001623682649284336
-0.001111258592005752,-0.0010961854007239952
-0.0002552700123895982,-0.00028822388104912666
-0.00113471480637704,-0.0011804704945993366
-0.001582859126515599,-0.0015770546908438765
-0.001450040350376998,-0.0014586692043965788
0.0318329680856978,0.031861099505727866
-0.0014528975466526033,-0.0014284014225041664
-0.0016228326539948733,-0.001611538557736561
0.026743132709976414,0.026553312491018666
0.037206128413319606,0.03725169865884677
0.03148199562527976,0.031460102397988784
-0.0013168406157661738,-0.0013454767501326764
-0.0010842104724193141,-0.001092048289576028
0.034982522776088376,0.034928069298122505
-0.001082550579944476,-0.001079826994519667
0.024257671903372524,0.024349131021395604
0.03192774534400389,0.03195677427047558
0.033722417900795776,0.033734335699269716
-0.001428162395185121,-0.0014353525426500091
-0.0003574215588152928,-0.0003773380136030541
-0.0004758182980834913,-0.0004818743230654565
0.02886926716231042,0.028849525940376444
0.027537351443310376,0.027543694134245428
-0.0009306566195990823,-0.0009721148563314325
-0.04074017999011681,-0.04079311454885034
-0.0011382794974001374,-0.0011816379550431827
-0.0012543904827414312,-0.0012491400249935725
-0.0009504937207503207,-0.0009992897878331186
-0.0010593936907499872,-0.0010607040869865109
-0.0013094935418385967,-0.0013010869011467058
0.03165946828733246,0.03166199262194336
0.025342780351322203,0.025300090547332926
-0.0013646782342311911,-0.0013793125516258498
0.023111609948281986,0.023049158285017204
-0.0011788244641345348,-0.0012157239373266904
-0.000984317475009211,-0.0010281528420116592
-0.013593420787329946,-0.013598073716886601
-0.0014420946260958294,-0.001444407137051254
-0.0012825542666460611,-0.0012802869241441278
-0.0010294611637894704,-0.0010578398890840751
-0.0012628804351792478,-0.0012874289287903018
0.03468523838217885,0.034689804072703875
-0.025308140257921885,-0.02526197054161268
-0.0010451893457609635,-0.0010754542153342816
0.03325925289652676,0.03321968241281516
-0.0013139562083920933,-0.0013290557430874206
-0.001226662082599552,-0.001232095552726381
-0.001080292034022469,-0.001117920470630654
-0.0011264153347221237,-0.0011453232955949272
0.023883569764858337,0.02383849164625236
-0.0013127861187833753,-0.0013167061125700652
-0.001147476947679027,-0.00116307300683903
0.010576576028684226,0.010605286091078706
0.03626194773238056,0.036448353567506725
0.03617870810357077,0.03616224683720551
-0.01649823626871577,-0.01654021436726026
0.028603112596068625,0.02856242364784571
-0.0012440501570458798,-0.0012554311380876398
-0.001196130905285437,-0.0012173964405398086
0.026268375654014187,0.026269639621998075
0.03173946976448794,0.03176389333222833
-0.005079331780341478,-0.00508357881482048
0.03187653351529862,0.03186580318499302
0.011059686981591876,0.011085558943392498
0.04086693062942398,0.04079810574265158
0.03629764907099564,0.03631344630048833
0.026982865024270997,0.0269458713595912
0.0302294010966927,0.030202016431991968
0.03648668657054954,0.036490677928185514
0.019729751657007077,0.019714759535452195
0.04369928218836483,0.043713011752814
0.04855978000077765,0.04858627908001338
0.037061554318896905,0.03706548675278688
0.04360189263676295,0.043624626748240816
0.03587902910515328,0.03589997870372766
-0.011081537722591683,-0.011093357860593248
0.03804508266586315,0.03807020949442963
0.03135916342746292,0.031348027935580614
-0.0024789028638128874,-0.0024255294143825795
0.02366059966355799,0.023654138045407183
0.018767557037075944,0.01874391558833713
0.012374405106928374,0.012414218380257871
0.011856137043562254,0.011889177008245114
-0.0017485492591857166,-0.0017738494766576102
0.01147275582456736,0.011488692643560047
-0.0032151069195771598,-0.0032685983791916756
0.013910705552075131,0.013880314070652627
-0.02699192641596393,-0.02705292620826094
0.007397061600234622,0.0073724750694706825
0.011178573526819724,0.011158126870588259
0.016293905970953065,0.016282822210397313
0.019168598447689145,0.019190447258977714
0.01352359636927919,0.013544692148866777
0.01453991443638808,0.014526495938427031
0.005707996436497692,0.005774524319466914
0.014635888995401289,0.014630666736436218
0.02387780095320377,0.023861634173875573
0.018674657363126096,0.018718496335885793
0.010702265422776552,0.010764727486925946
0.01951957090810716,0.019546089782504925
-0.020360239475322534,-0.020376101260022608
0.006981189986274006,0.006974595432289871
0.017895432105917597,0.017899677791248556
-0.011427884249865405,-0.011418723594537925
0.017941065600657585,0.018001704157282944
0.008698446148107608,0.008686212942165053
0.01249495154772469,0.012472804620129993
0.007056538316093097,0.007113322188881471
0.016197632083669478,0.016203615741794325
-0.018699610203381373,-0.018658469126224
0.022172871545815792,0.022242639787205948
0.01234874476883202,0.012308881482558265
-0.00887733380274891,-0.008845791715763753
0.009810412237954452,0.009857388810315476
0.016178175944083995,0.01617998090215117
0.02218236831817788,0.022145825916399048
0.020534011387766227,0.02057382981339645
0.0031563847472599327,0.003212780654260547
-0.0019246885619453452,-0.0019242004031907178
0.012802521845132794,0.012867784155170953
-0.008102380734404613,-0.008082899360469444
0.01368466056571141,0.013751821288873062
0.030038268317807537,0.030064883022966366
0.0030927373135281044,0.0030688076484386845
-0.015019379061883609,-0.015001610295897548
0.0181296405084439,0.018130742344222447
0.016872882635386555,0.016828236678332165
0.012088304592047863,0.012116267511905893
0.014689985228386992,0.014710546332438026
0.005169646369000441,0.005216454467081508
0.00033238708217100954,0.0003600177918590963
0.0045059334498732395,0.004557997623082469
0.004070306368056803,0.004094744680464973
0.009247245385694311,0.009191846405265894
0.021057667304314742,0.021065373121359005
0.021244010877277508,0.021215631380921723
0.0075091725169772194,0.007481893566043493
0.04010008655504527,0.04011294474902062
-0.0020183773639381175,-0.0019823121742153366
0.0030089806676600883,0.0030040136636917403
-0.026792820701699138,-0.026771634315911723
0.018431197091217585,0.018427133884976535
0.003938766522827236,0.003995145872363229
0.017511506658766135,0.01748656042806357
0.024035001130342515,0.02407378755218964
0.016311157989907038,0.01631479084436928
0.02139247619899859,0.021395908897933386
0.009483440220064254,0.009475642459888675
-0.0023693226101641762,-0.002342610293289457
0.01581324404475029,0.015793139068292536
0.01891779109875938,0.01889432055001261
0.01946754273716697,0.019498194320823198
0.027821764848430464,0.027845840203153754
0.01617363164423513,0.01615491840598139
-0.01970751995134784,-0.019630410958787495
0.01998790607677073,0.02001206589224934
0.023589768425582913,0.023597935197157194
0.02259813109083819,0.022662867686322904
0.008474251538095223,0.008479500460412681
-0.012119815375094212,-0.01211046385172198
0.007720741041180007,0.007738083772688642
0.0067572947014383905,0.00677158090575633
0.014367203766065595,0.014408997082603445
-0.009633157267783132,-0.009656975019191882
0.006422295325971605,0.006463610047471591
0.005109509207188237,0.005124970557180669
0.016338070047813957,0.016370286004299572
0.013385035989490868,0.013379242695691074
0.00616337898307634,0.0061601053070366035
0.01601896212400311,0.016011770182347618
0.02199357572160382,0.021997189396013847
-0.007325604500807464,-0.00729856862899806
0.012312009396100568,0.012276998433441821
0.01178522417229172,0.011835611813301727
-0.020207393117249783,-0.02022727132060949
0.01935189434359333,0.01938181989046457
0.015149449486140526,0.015135929656852176
0.015142755484763487,0.01518896693334422
-0.027283986223281875,-0.02728062766645277
0.01874320284717429,0.018720137147387836
-0.025520389068867277,-0.025510255306696206
-0.03211433381994655,-0.03213347214633964
-0.01222370845038373,-0.012254612048717875
-0.038529962355639547,-0.038548472050968924
-0.02816160785201649,-0.028158560916779443
-0.02067896644066114,-0.020696622597639963
-0.03224843153008772,-0.03224184849925532
-0.02551328689791954,-0.025494291455112075
-0.015642438172976114,-0.015692989886355
-0.02193757469006974,-0.02190913121538627
-0.02881568794328926,-0.02877322831478081
0.00047127399823454486,0.0004264329841124209
-0.02459727000397871,-0.024611611417214387
-0.0345597938879727,-0.034551201800029296
-0.01494634370018344,-0.014896336305573805
-0.025870000961987327,-0.025814435136923698
-0.027482357228607146,-0.027515958593775355
-0.01853808341827512,-0.01852271050264579
-0.02577533254807518,-0.025801139643942844
-0.016412792519274577,-0.016452704030150075
-0.01934544524828974,-0.019382318778459688
-0.024883424941056165,-0.024864325830337645
-0.021266405846434022,-0.02124831003152028
0.027142677497799084,0.02711786622288588
0.027927807625248047,0.027939966984104142
-0.012084848745418653,-0.01206582266314904
0.010664468807923877,0.01066909879315217
-0.034212250066178895,-0.0341874432743625
-0.018902607148038153,-0.01890561924891561
-0.0071577374616977885,-0.0071601029100682445
-0.007955330402178551,-0.00794636758183448
0.026719132270542123,0.026701512162986857
0.03437415781285108,0.0344615590345172
-0.020342552072605824,-0.020318491547755876
-0.004727352496905479,-0.004758093363618793
-0.02312790956950861,-0.023120848463040203
-0.025405448173134726,-0.02541549290762165
0.036158979849907014,0.03618177999373472
-0.028407544361728432,-0.028392494140145934
0.010258230021817749,0.010315203973694592
-0.02090778698691151,-0.02092728665322019
-0.02901226299755366,-0.02899577739231452
-0.014028204318906556,-0.014015844374970853
-0.026676192702393298,-0.02668410300221182
0.014592051451722154,0.014599764060165929
-0.019926517188960796,-0.019971647916541206
-0.019867359635974385,-0.01986404456728036
-0.016521828541673056,-0.016538146266831526
0.019825372465552993,0.01982369903059006
-0.0015047080257114542,-0.0014883800819169846
0.03589190009394283,0.035902785983495666
-0.026347996172697452,-0.026367241203197667
-0.010134962440238149,-0.010165527952921714
-0.024315768214237587,-0.024325869634750225
0.025122259276726733,0.025175489048530467
-0.034422730137162016,-0.034432173634961184
-0.03322858566681386,-0.033231575119252246
-0.025551001879476815,-0.025588116866885405
-0.02425318202572052,-0.024240458356286042
0.010918650364000193,0.010953744181972258
-0.0358019120384655,-0.03584510579859305
-0.015724534923275635,-0.01574600732786146
-9.60561984958419e-06,1.9535492209094008e-05
-0.005224041933350132,-0.005233671894586997
0.006926576733136541,0.006895393962586538
-0.032864524528818495,-0.03289638530365654
-0.0358755460474256,-0.035908350041435826
0.021246623167479717,0.02124779295669274
0.006038043339451238,0.005946271593132366
-0.03032227355335687,-0.03034558502953759
-0.019308029588815667,-0.019322904059407058
-0.025113497213304192,-0.02512162821387863
-0.015486190393564692,-0.01550002916514756
-0.04927424215684251,-0.04930639558812372
-0.04318422506864794,-0.043168108642112735
-0.0027379008400035265,-0.0028016146774606093
-0.03473261340268907,-0.034749732545439956
0.000481423846240725,0.00040769265311003944
-0.006953053413467858,-0.006926874187826615
-0.026224347632645695,-0.02624558010812425
-0.016344056557537068,-0.016319282371687102
0.003955365472324224,0.003965578235876094
-0.016845535190623345,-0.01683064485187196
-0.008176858299791867,-0.008160976705442656
-0.026058657503069127,-0.026068147295567515
0.041412464501164314,0.04140461814660565
0.00943157531880856,0.009495482945563849
-0.01976009235044468,-0.019747625841908756
-0.01587814320138642,-0.015859195195620894
-0.027721082719883827,-0.027750019988881436
0.01018995665494149,0.010161446969375099
-0.0009213231169213909,-0.0009275841153595366
0.01576839968114685,0.015709363323504852
0.022756338090994865,0.02275646019140573
-0.005655913843360505,-0.005647276599890116
-0.003156901764318154,-0.0031211479420891197
-0.010431865875675461,-0.010503268680066083
-0.006097037625846791,-0.006087813849839432
-0.0011715590235023832,-0.0011492159737502006
-0.001164075894082437,-0.001139828011845423
-0.0009109555770337938,-0.0008929903453781945
-0.0008567232854621229,-0.0008432032027150954
0.028459245996393323,0.028450188593672904
0.026394146681401942,0.026413428613955875
-0.033358737724366205,-0.03337137063102962
-0.0008660295801349062,-0.00085054318809695
-0.0008659479468394824,-0.0008505426512594588
-0.0011253268784088295,-0.0011148115467296688
-0.032275833397047926,-0.03228363576453478
-0.032275833397047926,-0.03228363576453478
-0.0008252397104206652,-0.0008921050632160754
-0.02521061465082769,-0.025199343914624514
-0.0033539666214486563,-0.0032834538538966535
-0.0003855853427199192,-0.0003782586530178822
-0.0005654253950885708,-0.0006551001317921801
-0.026397711375518662,-0.02637475811798054
-0.0009197448546484077,-0.0008969429537081935
-0.0009915012823459354,-0.0010217893146993867
-0.0009771608818645357,-0.001005241238345625
0.01531598317214411,0.01529676985289892
-0.0008825196790508416,-0.0008641576606688434
-0.027210733172794044,-0.027207585715809376
0.00489796789099034,0.004899265622661644
-0.00048490690396848016,-0.00046023492766465723
-0.020106085127251122,-0.020125171433656178
0.02828272573516155,0.028278054235664443
-0.0008972954602014128,-0.0008760589020262721
-0.031850002415864,-0.031849134529195196
-0.0009129420088774803,-0.0008897588040538418
0.02506231259569741,0.025080412791621334
0.032038577320556705,0.03203178272236697
0.0017148887715177086,0.001763564039964624
5.507584490505035e-05,0.00010992847301027897
-0.020184045747272394,-0.020105386475665406
0.02823254793747909,0.028241766577467922
0.024753191247114725,0.024709054544982262
-0.032091911639691606,-0.03209569688980353
0.0036299445025150257,0.003599365296170276
0.011186029448234769,0.011164379571809865
0.01137430502775072,0.01137755943175478
0.021409619373558647,0.02146280719021182
0.03136052399785455,0.03135757703653451
0.034317177169397695,0.03432241984962167
-0.03430373474754023,-0.03431153242017844
-0.0011775727381368138,-0.0011448252050543783
-0.00047102909525472553,-0.00044804139516407826
-0.00043434814781380567,-0.0004182246164156078
-0.02948318324841448,-0.029480677853016016
0.04809811162239275,0.04810002732394708
0.009780153177812223,0.009778569401813902
0.014936520391546082,0.014978627070760017
-0.0009058126268312802,-0.0009593400088007964
6.955230397246749e-05,-1.9895895099361627e-05
-0.023985639674895087,-0.02395102482173391
0.017045783783398355,0.01695617502625288
-0.0382276438528279,-0.03825317131651299
-0.0007495376363213929,-0.0008260054711254905
-0.02379856139299269,-0.02382940876800426
0.014791320432577748,0.014790516448542707
-0.02923392695375293,-0.02915813237727466
-0.0008308996776813498,-0.0008982628962540401
0.007153465272833712,0.007179158365829677
-0.03183324019977618,-0.031833850890693134
-0.0007069790266448356,-0.0007890451321023451
-0.0001694180933776747,-0.0002350540962695047
0.01749898942353756,0.017476880221876642
0.01901463642220455,0.018963002158135206
0.015029637751190206,0.015024915937039293
-0.027366817685614553,-0.02730399371167745
0.027870772556504164,0.027895198737698787
0.01820164183602771,0.01822414719352615
0.013865344171413524,0.013889511526774215
0.042429408426631676,0.041884056768768926
0.019806324495538263,0.01978975568219804
-0.03587543720303171,-0.03589311071956558
0.015383875577454575,0.015420665139944431
0.010842730598019545,0.010850504254605486
-5.2926146470582205e-05,-0.00013681382450501933
-0.01253092500041808,-0.012443669805389662
0.0077818578149116135,0.00777614214487507
-0.022737643868353807,-0.022764144514957292
0.026215694413616986,0.026233552599519844
-0.025384277715783943,-0.025348776544994754
0.02076868238206009,0.020823473908588533
0.014520948099668696,0.014502832567709387
0.010231862185880347,0.010286541272329669
0.005973225816110622,0.005995885581465604
0.013141412450991527,0.013145416248791217
-0.035196485904799124,-0.03521080701279343
-0.030996925454720436,-0.03099247271729042
-0.0030174161979009406,-0.0030274183826297374
0.04506251821581542,0.045091108801421614
-3.5864605205992994e-05,-3.0443352953116176e-05
-0.00909856237518536,-0.009106281552869029
0.024568915736197572,0.02458446070520376
0.0017009837517055204,0.0016665974316784904
0.02875778211320701,0.028742474898593717
-0.030882011770086315,-0.030863651011593926
0.023989911860665625,0.02392134982218269
-0.018407359915280475,-0.018401708312983753
-0.018407740873752743,-0.018401708593186593
-0.01736129980818124,-0.017359918230529507
0.007261603322795351,0.0072111654376573325
-0.034825621924126415,-0.03484416934886058
-0.031240195245846036,-0.03125379163990045
0.019639219373373096,0.019611341025397522
-0.010471376808293548,-0.010471705471339791
0.02923400858395475,0.029220037668459445
-0.015296663088051055,-0.015308722862113128
-0.015296826354641857,-0.01530872371925765
-0.007072076017281714,-0.007076458041293386
-0.03396332030469906,-0.03405582385382379
-0.02181359961374274,-0.02183244889516804
-0.03276667238235542,-0.03276584225243929
-0.031907037481514355,-0.032006012853589956
0.001815434844571917,0.001809022011583658
-0.017603263454205764,-0.017605310169952863
-0.0160469354302184,-0.016058271327073707
-0.010108730665980337,-0.010099009961415065
-0.016815820358637767,-0.016824007505712807
-0.01681625573930695,-0.01682400864668488
-0.011752815410621398,-0.011741417563681654
-0.02349765788586311,-0.02346791871919246
0.005275389817547715,0.005220890121342414
0.03032385181562991,0.030327917084010794
-0.016660851516322517,-0.01665327407724567
0.0166964984296471,0.016669478152382414
0.01274491534332095,0.012743242649111947
0.004372760923267327,0.004410280199843186
-0.013602101220550722,-0.013608716200172982
-0.032073598375522816,-0.03211304519763701
-0.007741965923821342,-0.0077413028486966046
0.01202384081608096,0.012082970383504477
0.01303735611220469,0.013001252844911174
-0.015906579099369322,-0.015900445096362105
0.004041707197295852,0.004042323752660795
-0.007897941589154411,-0.007897241857724342
-0.02822509201915757,-0.028198998769089767
0.0071186619097490245,0.007150906894599074
-0.01214180217777358,-0.012126285578052613
-0.015444556970516998,-0.01544909134929448
-0.01523853956608745,-0.015241558824733104
0.019626293962386687,0.01959134192865053
0.004883409798627558,0.0049663761091253145
-0.011351828422205279,-0.011357547856702128
-0.01394281498547506,-0.013941688186540735
-0.01495039819716626,-0.01494519167207714
-0.011210029890762752,-0.011212558116190013
-0.02176532661460856,-0.021779851300194053
-0.021260473765094934,-0.021222284152982163
-0.009324335247470839,-0.009326910156224333
0.029142088521924348,0.02923923047581603
-0.012952810335200293,-0.012954033607680542
-0.010566426180677935,-0.01056936358724369
-0.011497463764936378,-0.011500768950816857
0.016005574121249033,0.016030168595198263
-0.013236271342593031,-0.013231751866993637
-0.004050305997221115,-0.004061535195092947
-0.030472589254522897,-0.030464024629784016
-0.011176124503208429,-0.011166640316668579
0.01147588513492126,0.01149028471546569
-0.01187942998824909,-0.011877303178948459
0.028430565195430635,0.028485898161359324
0.013120133146153234,0.013157319393649058
0.008679071641817582,0.008689082723245894
-0.03547869519238134,-0.03541277855979196
0.002977878054184424,0.0030100604271252884
-0.002255306904154042,-0.0022582116456337786
0.028060408709505325,0.02803088567739577
0.01991454417879529,0.019796961190208767
0.02835584273015712,0.02831040474738601
0.011943131847271582,0.011905548411957734
-0.007211915331072627,-0.0071995258484934335
-0.038317060469050035,-0.038188036787472915
-0.04286245042625092,-0.04283083356778665
-0.04102146409106999,-0.04101898405831325
0.0023445058254012996,0.002328138411505698
0.013302422222133292,0.013308916678035382
-0.04163965236294476,-0.04160765648387278
-0.034733973973080645,-0.03469002709428934
-0.044352981321165275,-0.044381094972347046
-0.0456351546293392,-0.04566043838486434
0.02835758425592738,0.02843913069288527
-0.01727857719333603,-0.017268615586019193
-0.03097994555293837,-0.03100253025858516
-0.0006657809873599208,-0.0006581544633812719
-0.03891650009608694,-0.038941933962337784
-0.023228972656527402,-0.02321033123582176
-0.034412308178171036,-0.03439548752460408
-0.018941138471830432,-0.01894956935384188
-0.0012328118527263898,-0.0012207181734883582
-0.005306655700707763,-0.00533655446439997
-0.01638887370694847,-0.016433244596769904
-0.002807017760213304,-0.0027985192446976226
0.02867938610942289,0.02874564815012577
0.028154832220437687,0.028164433041288225
0.028463137223691648,0.028449816037418488
-0.016280354698514632,-0.01627500921835469
0.02221665466420447,0.022257395404387842
0.0228735647406543,0.022958167033835297
-0.00571166997191469,-0.005717917629818367
-0.014800245768778308,-0.014779582662615566
-0.0007043123080585547,-0.0006318262980108819
-0.0007043123080585547,-0.0006318262980108819
0.02590760709605716,0.025853353740484378
-0.025104843991181958,-0.02510710722691547
-0.0017363313460404262,-0.0017283401530052422
0.01322579496140508,0.013221433041887248
0.0030789139331982573,0.003092661787920184
-0.0018735311554370915,-0.0018720284447496238
0.032783706709427984,0.03276968270399408
0.017271284541605425,0.0172631803140135
-0.020345545324373826,-0.020370265276293972
-0.0011164831785972652,-0.0010799420648657382
0.026898945108718653,0.027010070592466878
-0.0043989382784218045,-0.004396507029739788
0.02074555270396411,0.020732796251234253
-0.00060850101872972,-0.0005645739577573861
-0.000608773132808044,-0.0005645739577573861
-0.019446072951545768,-0.01946421432028196
-0.0248017635714258,-0.024694894684154714
0.0032286854000205256,0.0032381938671459526
0.004016074073391551,0.00400568403940868
0.029375888754879953,0.02947217776008139
-0.009433289633480335,-0.009451593280246244
0.00338109637742412,0.003386606063300074
-0.0006671143435594638,-0.0006085058428717122
-0.0006671143435594638,-0.0006085058428717122
0.028927553953958407,0.028975156379411657
0.034059186019318344,0.03408760767204298
0.0038537853651536835,0.003847457410859262
-0.0028390727714163178,-0.002843648428866946
0.0035363645449161263,0.0035377375295717883
-0.05094360628110761,-0.050909131191708375
0.0036939184725222063,0.0036914129139684337
-0.002569543991840728,-0.0025428949499952946
0.00420660820192309,0.004256118133812145
0.020079771716604244,0.020133599400891267
-0.001388515407074702,-0.0013253963987819306
-0.026416160695179824,-0.02640657326795997
-0.0020333980480685687,-0.0020770243938283556
-0.0327625362520772,-0.03276306228759349
-0.03394593223025272,-0.03397018312618772
-0.00711338290096053,-0.007118226583730326
0.014585330239246574,0.014566375379799351
0.018155681805012425,0.018075938794718388
-0.03487378607577313,-0.03490329009383837
-0.0058207604226972465,-0.005814536517418256
0.007467865630204802,0.007512119587055291
-0.01687530444789942,-0.016879972186874037
-0.016749751112392963,-0.01673286572495545
-0.002270273166087522,-0.0022552921863639025
0.030464044879888075,0.03044992984400184
0.01888687896297303,0.01884166548004411
0.0031616909702404383,0.0031328080769979644
-0.0006018070173526846,-0.0005560543093869885
0.014732108457394477,0.014737903745035252
-0.026087909743287008,-0.02599661235966763
0.014046408732494242,0.013982669522897895
0.01851672247704783,0.018513240193479066
0.004010468528327815,0.003964210530182477
-0.0044521637469756015,-0.004433162356966322
-0.018379767570630978,-0.018440877373355223
0.015972974881889396,0.015923490563831813
0.011595996188861285,0.011567150754396849
0.013862595822625362,0.01391702797948155
0.005321594751542785,0.0053698681030584505
-0.0012558054753299963,-0.0012892916558604056
-0.0003683605379580235,-0.0003627944798318544
-0.019234177887974158,-0.0192824257667552
0.047276218911113776,0.04728437571227102
-0.01834964456907473,-0.018316184511776974
0.012603252864277159,0.012576231673262842
0.01769436717400119,0.01764355544792362
0.0007493471524449014,0.0007185265638749994
-0.0003093118293654995,-0.0003209339107027448
0.0025286452777326107,0.0025249025968349242
-0.01933951316385718,-0.019418701420865297
0.003571548869566621,0.003557938293324042
0.014158601279438687,0.014188249680746667
0.021522601048545975,0.021481194808424836
0.010575950167232062,0.010529871883315084
-0.015384610286394096,-0.01537596718875129
-0.020581549677960886,-0.020529375849920282
0.024229943500137074,0.02431876235357154
0.00508210734022807,0.0051206618530181824
-0.018356773951120953,-0.018457167426355725
0.004039584709959798,0.004061332182519806
-0.0158978170328532,-0.01585602036201727
-0.013096051070329906,-0.013088719430703472
0.033073997779877295,0.03306110644226409
-0.0031043565763197445,-0.003081310791051256
0.02967371737694613,0.029689633286307124
0.04478341102748862,0.044751807630866405
0.027698170733669203,0.027726014931977003
0.04119441966127868,0.041209785062460716
-0.01661268736158228,-0.0166091073617858
0.023519699107645953,0.02346794677504048
-0.01743700188228048,-0.0174334090298918
-0.017437273996358804,-0.017433410641188515
-0.012345588250473202,-0.01226372327050173
-0.004494749570844239,-0.00448788128224252
-0.0011876953750445708,-0.0011422033090634082
-0.006272278953076027,-0.006286392303857274
0.004223424837114298,0.004245170866599993
-0.02622021150236742,-0.026211241590119894
-0.026220129869071962,-0.026211242887027912
-0.01137234580700551,-0.01137937774685769
-0.01137234580700551,-0.011379377709241363
-0.0013838350486398317,-0.0013697845958593191
-0.0061621816823691465,-0.006151191676494611
-0.0005086080182260394,-0.0004693853568920603
-0.0005086080182260394,-0.0004693853568920603
0.03695246387120793,0.03690398536844254
-0.015537837602939086,-0.015538634373183181
0.027251686309099105,0.027253515465208766
0.03749612015859205,0.03744224119505547
0.004469034807457365,0.0045089049591217345
-0.016758594815298095,-0.016755408524727892
-0.0017315693543101182,-0.0017008389055065132
-0.04568533242392803,-0.04565259485509196
0.01954661902460003,0.019507692372516733
-0.011747944574497203,-0.011755183080186624
-0.011747944574497203,-0.01175518144589758
-0.001568845262309472,-0.0015132607741009801
-0.00090562214604838,-0.0008889876930914531
-0.003790600526282953,-0.003752563828390107
-0.016785343606614184,-0.016780628143092745
-0.0009058942601267023,-0.0008889876930914531
-0.016785615720692496,-0.01678062818943056
-0.010881370766205656,-0.01086421423773229
-0.019717669799353965,-0.019642876579506703
-0.00107680897629479,-0.0010398224864028166
-0.0017017728859355478,-0.001671332139088641
0.0016675953843029029,0.001693037602153044
-0.010877452324715237,-0.010860386591927035
-0.0007569119182538643,-0.0007297491387528304
-0.0007569119182538643,-0.0007297491387528304
-0.0016463705016615815,-0.0016128750494130567
-0.00152664040310024,-0.001481286398333545
-0.012144251201384897,-0.012150873398218971
-0.012144251201384897,-0.012150872862912068
0.019226477066672826,0.0192157950027637
-0.0015797298161616714,-0.0015427124524461239
-0.0015628859698719882,-0.0015244227438870606
-0.016162692665092376,-0.016158147914622237
0.03636989530155926,0.03632338861684763
-0.0006268414939969678,-0.0005899169845319241
-0.0006268414939969678,-0.0005899169845319241
-0.012553673720041902,-0.012560621619605139
-0.0014531968718294042,-0.0014115170928591103
-0.001309847289212348,-0.0012592317141737752
-0.005136121943011933,-0.005132230806232985
-0.0013521065706185269,-0.0013067349168571635
0.010242719531727618,0.010220544686875388
-0.0014202983041993814,-0.0013748575079462477
-0.012562381364361094,-0.012567431590495969
-0.01272189450961881,-0.012726937012403926
-0.01256265347843942,-0.012567431551211226
0.034104084805118784,0.034057971122086084
-0.015568967427513222,-0.015565130280983316
-0.015568967427513222,-0.01556513023634186
-0.010684360331272041,-0.01061980534357048
-0.014229568575999732,-0.014230817503473436
-0.015003297132538382,-0.015000613434362035
-0.015003297132538382,-0.015000613390294265
-0.013002933707592236,-0.013005887225947359
-0.013002933707592236,-0.013005887186110288
-0.0054397193798262425,-0.005436694377885479
-0.014465028701430141,-0.014463548393630801
-0.014465028701430141,-0.014463546686642216
0.01015237772887656,0.010194145028761759
-0.013466261981545644,-0.013467316289294387
-0.013466261981545644,-0.013467314662862516
-0.01395323694755965,-0.013952824202461613
-0.01395323694755965,-0.01395282367051804
-0.005853468506450792,-0.00585181112713995
-0.005805331565902558,-0.005803498189677236
-0.009581700539191579,-0.009566803968422459
-0.0025695984171312525,-0.0025001719030170316
-0.006192467956703418,-0.0061907364322559555
-0.006654163549280459,-0.006652170333081256
-0.0090180983031687,-0.009004795375710153
-0.006601591150183626,-0.006599442198212693
-0.008549382176032932,-0.008538275374216177
-0.00703479641639361,-0.007030701814504006
-0.008038053020117245,-0.008028835059597249
-0.008589246859118216,-0.008584939410402614
-0.00848301360461133,-0.008471450887019304
-0.007492464723086331,-0.007485654644299802
-0.007974813755956003,-0.007965492395932923
-0.020642503185101635,-0.020602994963187758
-0.006042832542279997,-0.006059388954346656
0.04082714757963407,0.040810669943392164
0.0018827830248192567,0.001865285461911101
-0.04834312294238219,-0.04834786546271302
0.010900337102924984,0.010893856745984809
-0.010245658361298648,-0.01021085024186949
-0.012512067508092688,-0.012511308265602164
0.007842457571585082,0.007847806160132781
-0.020412485338144104,-0.020502821134195583
0.04106244443847362,0.041082639359840564
-0.01565500983040158,-0.015608170464409613
-0.02139081630652373,-0.021329544818361454
-0.026617688221957425,-0.026564114431426637
-0.010240950791765305,-0.010252375965922017
-0.007247453400003281,-0.007247883157608881
-0.004747869884799303,-0.0047403663453331885
0.03413467040462992,0.03413221160942741
-0.021664807755746363,-0.021728363445788414
-0.006677946299927011,-0.006664972699353858
-0.016244027501541025,-0.016249721720426928
-0.01509878188868552,-0.015063762852879234
-0.007224378147197792,-0.00722303581445654
-0.02554520585672382,-0.02552965155203274
0.03972511365209919,0.03973865725063172
0.035558941569423075,0.03555935568239704
-0.014385870777608098,-0.014370795003744372
-0.011923811763178485,-0.01194885637257933
0.016738512811167006,0.01674599938366214
-0.01924157938409865,-0.019277105154375043
-0.008172395630144727,-0.00816664102516855
0.03835872110010263,0.038367141299878504
0.0369683553228638,0.036972527696681745
-0.017941011181554223,-0.01799865689793488
-0.0072734674885669495,-0.007270928620567378
0.03525537134680079,0.035265822047542736
-0.009598816499559584,-0.00960682785868907
0.026211939238717452,0.026215590640587663
-0.005174081827549042,-0.005165724307072253
0.03572367930127229,0.03573865425206954
-0.012348527080044247,-0.01218649509334914
-0.007155016320914649,-0.007149369830111059
-0.014232480194472291,-0.014217702148906684
-0.009510161803375432,-0.009519304313872955
-0.005335282079473647,-0.005327115198929658
-0.010090362979614569,-0.010098336095473046
-0.004169246967739576,-0.004171002763150369
-0.013438533575216613,-0.013442434349060457
-0.009928972246907072,-0.009946693034858838
-0.00463951414295628,-0.004637244498256712
-0.01057448075244656,-0.010577221925212113
-0.009001417726563439,-0.009009983503144255
-0.004606207408849138,-0.004603208791932184
-0.008985009260942936,-0.008990924692318228
-0.006004355643778325,-0.006007241916891712
-0.03513893382518429,-0.035189823862024946
-0.016146529102451707,-0.016141310607046377
0.004218553997896557,0.004199434493780754
-0.003634189477187119,-0.0035884751171242762
-0.009295518387922086,-0.009305191883475977
-0.021805762733855483,-0.02186130239860748
-0.013047233843039047,-0.01303666066974827
-0.02860390172411148,-0.0285763109293626
-0.004825259065565465,-0.004819274107581803
-0.010298421238084804,-0.010300498047754021
-0.010133683509329146,-0.010136388552826808
0.008621954942871879,0.008606631987772728
-0.019225687938629887,-0.019161180065764165
-0.0040558299058958865,-0.004057264312952447
0.01256537461612911,0.012521219848740855
-0.021926363599942322,-0.02189188319176561
-0.008530034880841364,-0.008513904551131692
-0.010337306309250782,-0.01035006749587205
0.022625968338467528,0.022667375102876045
-0.008794284651628508,-0.008791826994189601
0.004959166298017348,0.004907932688709704
-0.011940410706488318,-0.011934054102107669
-0.005055168068129098,-0.005031820494149589
-0.010201766395422529,-0.010206259686443724
-0.010935467002284954,-0.010938730737322898
-0.005610742940388231,-0.005593049424462565
-0.011281541412386825,-0.011280366544818503
-0.004489334503469826,-0.004471950953396031
0.006680204845849025,0.006706687119515151
-0.013910270168312422,-0.013849091371601223
-0.0066234691022819155,-0.006600611148956451
-0.004994078505495967,-0.0049767818675632985
-0.019051018047562263,-0.01901867348025206
-0.008987213378480838,-0.008977439457063148
0.03474175643077104,0.03479440280023084
0.00588851677251534,0.005901587752120213
-0.009049200919737932,-0.009038883421629451
0.024549405174415173,0.024618290880811772
-0.008400699159336895,-0.008384209064096461
-0.008750664802924281,-0.008734156070673967
-0.0069698700517526364,-0.006944736603806526
-0.005734690805616796,-0.00570724708537966
-0.005816379386345605,-0.005789867737834659
-0.007152295183224987,-0.007127917260738956
-0.008526388556522865,-0.008510164415979585
0.002435745603782735,0.0024450739358765766
-0.008674527341968684,-0.008658139587070367
-0.008260968693033464,-0.008241198799348294
0.011219553874223298,0.011159614949424537
0.024253290870114352,0.024252457183225593
0.016668361856840952,0.01668193777446364
-0.009191570893529177,-0.009151779868938725
-0.005828597299490942,-0.005812809689332579
-0.03887315235836741,-0.03889366535753932
-0.0038783028247397714,-0.0038322729155810115
-0.003982032630344877,-0.003943400374671613
-0.017894452497091762,-0.017919978499017282
-0.004478368313228627,-0.0044676038353673175
-0.004852987468800922,-0.004839300484382622
-0.030501841491647252,-0.030416704745160714
-0.006402376588431379,-0.00637647421175816
-0.004890457547378336,-0.004878777048183763
-0.0048059934036693485,-0.00479252267491688
-0.0048059934036693485,-0.00479252267491688
-0.005066814542019311,-0.005061048908309107
-0.005100937621455,-0.005107377232570945
-0.006304143486589688,-0.006280734748907099
-0.004471075661498002,-0.004458660364601075
-0.003921841043242145,-0.003880932979557425
-0.03377205147032153,-0.03375976053633384
-0.006452772077995205,-0.006428743277294757
-0.02499714132498304,-0.02502845679557566
-0.0063851517805758986,-0.006362269826559477
-0.003503901361048849,-0.003478028134860492
-0.004057462593459403,-0.00402605374480311
-0.005951456708406213,-0.005940560283646229
-0.03159149424563301,-0.03159489177700639
-0.029576872053500902,-0.029548088695628687
-0.0057936306698153864,-0.005782738376922197
-0.0046581539434003266,-0.00466768751512904
0.02953885774676679,0.02964064432164268
-0.033664756973693366,-0.033633084303137974
-0.004085789643954878,-0.004062400747846626
-0.006252850024589045,-0.006235427649217404
0.027796050091230706,0.02777274970349347
-0.004131668041674685,-0.004111711844323823
-0.0056408931561365465,-0.0056403637464847445
-0.004165491795933576,-0.004146815024825307
-0.004329331552252413,-0.004324626967430162
-0.004094905457844765,-0.004071516924520277
-0.006132956656343278,-0.00611997203228061
-0.005350193919210168,-0.0053386849933260705
-0.005889197059257948,-0.005883387632905246
-0.005680975531103295,-0.005677903509646656
-0.004889858897024741,-0.004888559103758211
-0.004488382105742482,-0.004484707016862058
-0.004180839016339269,-0.004164322741384813
-0.04161429135311878,-0.0415932082842
-0.005144094878391574,-0.005155711019699485
-0.005971321020655926,-0.0059653116487814045
-0.005889387536947269,-0.005884671963348201
-0.004275480219152962,-0.004265484451126636
-0.004689691940638733,-0.0046933235047254135
0.04594977267859168,0.04594632863231046
-0.05363385998342918,-0.05363456520175998
-0.005572891903338594,-0.005574825077193646
-0.03155682694113421,-0.031521857834439504
-0.004302419491251925,-0.004293880287649904
-0.03784497012858057,-0.037808960542414866
-0.04089223721705293,-0.04088047935915497
-0.00579235173581277,-0.005792284057760541
-0.004760713656303138,-0.004775175311684476
-0.0050932912192570515,-0.005108207244109292
-0.005857060411665944,-0.005857027778759585
-0.004464572140903872,-0.004468520530887032
-0.004380516169859157,-0.0043777930516732955
-0.003804179006726335,-0.003802404709504062
-0.005263607285071543,-0.005277415518349773
-0.004777094910825174,-0.004792848713380121
-0.00445096644626844,-0.004451235770424902
-0.0052485593898426485,-0.005260295999596876
-0.004761666057124057,-0.004771282850197345
-0.004839708313534342,-0.004850092308903778
-0.005290900307637829,-0.005303476045652303
-0.005600429825791153,-0.005606265260377469
-0.004785884188439788,-0.004797592018102148
-0.0049495334670693015,-0.00496356323868985
-0.00485315073539177,-0.004862290692051893
-0.0055339796210741405,-0.005544366711891749
-0.025287024222768073,-0.025290771992272428
0.031553860897371167,0.03150703559110164
-0.0045587235377578675,-0.004568637122970481
-0.005429787220607813,-0.005442292667509369
-0.0051761771037866266,-0.005193630492595844
-0.005321213793070569,-0.005336401351976036
0.022358589257326478,0.02236734987906762
-0.005176476428963425,-0.005195239919602149
-0.005355935519766276,-0.005371998588492702
-0.004920145168265429,-0.004939319624832836
-0.0041143888116222565,-0.0041304273159942645
-0.00489002216361559,-0.004908971301288756
-0.005092991894080253,-0.005113515846448924
-0.004455946132973682,-0.004474690571660236
-0.024511744615054898,-0.024517528518462457
-0.028497015400147596,-0.028503786114933802
0.0003897486871902167,0.00036507431597682105
-0.031464716398320824,-0.03145619671475492
-0.009316770478568381,-0.009296342831079392
-0.03138857893736524,-0.03138470237794984
-0.05137746462296178,-0.051383398295773416
-0.03284376223794483,-0.03287341251558844
-0.05797777683914285,-0.057926131356610684
-0.0005835209673759698,-0.0005328705179808713
-0.0010072838865143752,-0.0009996068550852388
0.03609519635758912,0.036073263626114085
0.00015695527415890767,0.0001616607541790882
-0.009097038535109375,-0.009124751129624686
-0.0005237919751344584,-0.0005563441890494708
0.020877691196453718,0.020905121392746612
0.02702904274716761,0.02707608310579364
0.034978141742830315,0.035001238128551285
0.03630004367241002,0.03630848847064885
0.006515358266512311,0.006477834436747709
-0.0006945978469086456,-0.0007214587845606191
0.03917672258408322,0.03917811290076506
0.025966601382452686,0.02593692037186049
0.0329402538171098,0.03296000227526169
-4.669473995477444e-05,-7.527265119411375e-05
-0.0010387130331717294,-0.0010215291178701097
-0.03612014919784434,-0.03607335925597539
0.03486483353156766,0.03487803967306832
0.03019454330831739,0.03023436059071964
-0.0005042814102584961,-0.0005361626702147931
0.03544819122925924,0.03548519322603455
-0.0012035324045035368,-0.0011652548539979463
-0.00022759603444466765,-0.00025324204243072634
0.026946728304986733,0.026995182394114123
-0.0003130669980779474,-0.0003120584095424733
-0.0006470051314234788,-0.0006658165729297727
-0.0005220232351721473,-0.0005558312649384667
-0.00014998916179713266,-0.00019446709238633841
0.024218324237345268,0.02421101353253323
-0.0012924592116724427,-0.0012304074039935775
0.03508652469577178,0.03513036435617638
-0.0003168765920808954,-0.00031761755357899435
0.032078659692429956,0.03212626686455185
0.039502660567857006,0.03948963405510991
-0.00024087518971124995,-0.0002886065671890703
0.018326269984905275,0.018222118966112574
-0.014337107972514196,-0.01428125431598376
0.0001381249960255397,0.0001339370676797097
0.03610341419904223,0.03610613617660653
-0.035097599727313356,-0.03508028035062174
-0.034651360205723014,-0.03461461547124641
-0.0011132178127509652,-0.0010919244437270492
0.032006767209240006,0.03204469421445327
-0.0006958767809112643,-0.0007245304832816934
-0.0005432481178134739,-0.0005443680950202867
-0.000545397813154434,-0.00048506945850135263
2.1769126265849814e-06,-2.5345079109076463e-05
0.00011026053729771071,0.00010129720671553377
-0.00033429188071927574,-0.00034175561894692064
-0.0011607016807486572,-0.0011292723318458153
-0.0005874394088663942,-0.0005976704640893865
-0.0003395981006062143,-0.00034827420941893616
0.030701763548146965,0.03074668221871514
-0.0006448010076984187,-0.0006829702796427722
-0.0005658607757577424,-0.0005097043585509525
7.885859555167504e-05,6.366921252849711e-05
0.03732327342968367,0.03731142937734601
-0.0009464664348659956,-0.0009544030068375231
-0.0004395183122083736,-0.00046839782338201075
4.408244665901964e-05,2.12694898455712e-05
0.03889688068681707,0.038949820988667255
0.03330477754687283,0.033336566195095826
-0.0004316542181290496,-0.0004592044032999121
-0.001084346531005264,-0.0010583302852132659
-0.0004022115002218045,-0.00042396336324861117
-0.00021975915455739806,-0.0002726542118395847
-0.0003949732706881315,-0.0004155622564358391
-0.00019676553504733262,-0.0002500234910033927
-0.0005369622860071453,-0.0005788344227479758
-0.00316808564644068,-0.003202821457113522
0.015516830412179133,0.015411162767817704
-0.0007461362087955621,-0.0007875036684225761
0.030465378236087692,0.0304043716729656
0.024976923262266026,0.025024679819878173
0.03244125141563975,0.032418165063161405
-0.0009918550297196831,-0.0009948369043672883
-0.0007777830535214449,-0.0008297079725704815
-0.0005452073354651112,-0.0005900510974806844
-0.001020236505505685,-0.001017690629105103
-0.0001281928429942604,-0.00016305950476488973
0.034239978466320764,0.034294116141381586
-0.0005628131017928143,-0.0006114382417564401
-0.0009807799950845835,-0.0009872253757608473
-0.0006129908963816901,-0.0006619927057853192
-0.0005666499068942357,-0.0006144687417586892
-0.0009684532344517698,-0.000977891293008154
-0.0006195760533648197,-0.0006465543779745064
-0.000886546964935165,-0.0009114223330732169
-0.00020092887642402836,-0.00024000904760956843
-0.0006050723862925707,-0.0006553075448482715
0.02853075752111106,0.028505621707263576
-0.0005863509525531,-0.0006366929310123032
-0.0008101646040932949,-0.0008591373200093483
-0.0008541109921663646,-0.000900954917786953
-0.00016582618816252288,-0.00020824227037917475
-0.0008670636111576743,-0.0009084070874849637
-0.0008980845944314853,-0.0009334760639702205
0.029158197662368046,0.029255080203910613
0.03944159821632243,0.03947204542247129
0.04168814305396035,0.041705135942493296
0.028012598302138758,0.028027456933194847
-0.000691631806239143,-0.0006429369475734747
-0.0044888719117021775,-0.004472004995079701
-9.284524865932689e-05,-4.374251916033911e-05
-0.005189728376225111,-0.005206839076557598
0.025141280035642977,0.025165473570823577
5.646362639520619e-05,8.174635074031933e-05
-0.0006254265014084028,-0.0005509806121487271
0.00796588841975543,0.007979520444386573
-0.00131150718478076,-0.0012668385390249004
0.03794099910979076,0.03784838255901332
0.0016677042286968105,0.0017061873216203394
0.012857570482033065,0.012827416844276893
0.020142847707987466,0.020228422709617125
-0.004882103650432901,-0.004853014538134484
-0.029899490249231442,-0.02989496113374291
0.04591921428708545,0.04592237695376089
-0.0013775764310255522,-0.001313768207094848
0.03385545436881565,0.03393057656866799
-0.0009148740154306407,-0.0008848742160315198
-0.0016082745616320983,-0.0015858289812333975
0.019591327332711128,0.019642706121635198
-0.004327780504171475,-0.004309454985304009
-0.0009503576621643691,-0.0009362892855367538
0.011317950245749442,0.011326536503483142
-0.032760032806268935,-0.03275145720465375
-0.0014719455166673466,-0.0014004628924638024
-0.005530061179583712,-0.005500886415999551
0.01714834349939473,0.01713347466583988
-0.008297595218277443,-0.00827274782857123
0.026305600832705334,0.026282768964664874
0.043458243728969115,0.04346925612435487
-0.0023868195320979613,-0.002406005156557575
-0.0007121491910394018,-0.0006317004045768015
-0.0007121491910394018,-0.0006317004045768015
0.03665719312024057,0.03666620807151186
0.003450349353126214,0.003418793884007232
-0.008026624235014823,-0.008059905890339357
-0.019936095597711923,-0.019909697862157218
-0.0004466476942545719,-0.00043426454129152914
-0.0004466476942545719,-0.00043426454129152914
0.03536938705590448,0.03534157365530813
0.020714395665197893,0.020709670469566246
-0.0048074900295533365,-0.004781722495552684
-0.015447223686009703,-0.015453458309904515
0.04044607932875821,0.04045806416743569
-0.002033506895555981,-0.002035956095586308
-0.0014591289531684093,-0.0014067677164569248
0.0033834637646464882,0.0034115383747612277
-0.018183437422439996,-0.018157313048567547
-0.0002932843191236628,-0.00026602324025500057
-0.010750592844107676,-0.010721164645772253
-0.0015468312516252244,-0.0014957179432598389
0.03598305823593517,0.0359600989020611
-0.023279531412682075,-0.023247632946577036
-0.007169737679868268,-0.007147027165653894
-0.0005803372348250919,-0.0005617500675744597
-0.0005803372348250919,-0.0005617500675744597
-0.00966428709545078,-0.009603194369264295
0.04059576916537844,0.040602621990400434
-0.00789737015299289,-0.007878887405612885
-0.010789450704175196,-0.010770895512629108
-0.03551080462887479,-0.03548975952410405
-0.027842200599935307,-0.027844277327307293
-0.0011956138882272642,-0.001164381267314385
0.043057283951651426,0.04305363279387553
-0.001218417030048007,-0.0011883905614579193
0.03612589080458767,0.03612740820617612
0.033168394076617536,0.033173038229590335
-0.0010507948908246969,-0.001022865083643354
-0.010679843239427944,-0.01064006782420944
-0.016153848965280826,-0.01610944256754584
0.04022996649851929,0.04022754663406726
0.018956730595215854,0.018947909342853245
0.043305778332462186,0.04328371773785243
0.022616662043794755,0.022654029598744366
0.027933875762079508,0.02796134680715917
-0.012794059103793498,-0.01281068800061129
-0.004682399288908123,-0.004627987469475819
0.024810498426843575,0.02479190930314744
-0.0042731400399355635,-0.00420992124865166
0.02852711119369894,0.02851385126060886
0.026536979250054493,0.026557385426580843
-0.009449017818545347,-0.009365956992118417
0.033865277680546646,0.03384781235649638
0.04360842337154913,0.04345040453015593
-0.021332910473347955,-0.021304202056327985
0.036257757179905314,0.036249710735060475
-0.01893365533931679,-0.018882731696572272
0.04006076610011655,0.04006673310923792
0.011300643804598498,0.011304219858421255
-0.02364147006024786,-0.023668106170208564
0.0351394780502472,0.035121542892272484
0.03716650863630766,0.037161506712508244
0.013985509653737571,0.013975565222788172
0.0345280382019465,0.034516475846817676
0.03731715087065529,0.037304142470176535
-0.023661443219985034,-0.023615933979398866
0.004196267873133985,0.0041584002158955025
