high-low,low
-0.0010334340274768435,0.017414960660497743
-0.007470233020520703,0.10667369540100878
-0.0056366753925629065,0.13670412683892905
-0.0009574870473041466,0.01851753881928278
-0.0005116284841860698,0.019848583776944404
0.022734786672078233,0.27048558752716473
0.021945520411257413,0.41126600724078016
-0.024110512726752464,0.3543288482364509
-0.010911575404150914,0.08821177665478777
-0.00047023996721180794,0.019962844389027963
0.015705105994788665,0.09641233606883712
-0.023159012182984273,0.40395705610547944
-0.03150341098561038,0.4679895568606788
-0.0004714100568205225,0.020091091651125593
-0.011434823151128759,0.5374077896071126
-0.0024723993432187435,0.010374313792966975
-0.012089855640128822,0.4012341759526999
-0.013636414777675687,0.510950893467509
0.02277601191936804,0.20618086406579866
2.9769257276095196e-05,0.01843751013102881
0.013931467839855216,0.4830042283530291
-0.0003035974368143131,0.01656512185719555
7.390612613206171e-05,0.0020162004513115373
0.008932845031416836,0.3606421347480289
0.023824330578576552,0.22764316467975446
0.013338504519220556,0.08362818191007004
0.017618583466606524,0.12626107708113102
-0.04233944758534647,0.720476581129768
0.014393408332318558,0.1872927605848328
0.028247350932821713,0.26737714924276373
-0.0002767670091092522,0.019777534847087948
0.0028383380655703228,0.27330525858119253
-0.004176893363750371,0.049639772706529785
0.02639518071551833,0.2852516557943104
-0.0005317921216125808,0.01940479327896544
-0.016162692665092376,0.12079128912194545
-0.004799272194287423,0.01304785970449112
-0.00048191364910692494,0.020088261665948463
-0.028549914335519677,0.3391499288182111
0.019980667847237066,0.46526583315456577
0.01113639587870896,0.7469864306269406
-0.0066643406052915855,0.12114373099714908
-0.0005187850804243208,0.017951759676820462
-0.017572623432497714,0.3370264066560793
0.022018637406252983,0.3080105789675025
-0.0004772060826671587,0.019766813562920173
-0.024220473938873333,0.33504797560852195
0.01964436232357558,0.5818494528355604
0.0022500823175625184,0.2752048310331982
0.03225586023731075,0.43560501397750767
0.029135612212428663,0.5421693468167491
-0.01619055712691378,0.18034977538607574
-0.0020054791671437755,0.21911642237895143
-0.00045595398892735867,0.019833998473483157
0.012080086753688324,0.46229056739367713
-0.008969743670739092,0.09459037049257259
0.02620464659008037,0.3037959978301998
-0.0009893515808178238,0.01854777066832652
-0.008597791233753038,0.6694284831261107
0.03272106609871395,0.4419143548364968
-0.03343133770539719,0.5394703310510052
0.024194922445170963,0.4136828137220356
7.390612613206171e-05,0.0020162004513115373
-0.000655712775742669,0.009657239343606433
0.010745313835319223,0.09325361114235975
-0.0005820515525904527,0.01851734833849988
-0.0008467094960418406,0.018146076185162886
-0.03750039234436264,0.5817591382438079
0.014097919889469818,0.23879273086933614
-0.02057866527058677,0.28582709497881925
0.025375025846401666,0.2731676233911267
-0.00045296073715937746,0.020139310228062833
-0.01578069922449403,0.13459323076260687
0.01248523708348126,0.5467599076769222
-0.0028491409861270967,0.5057487567004493
-0.0060049270830334345,0.17777217682246638
-0.0005003901829601226,0.019206041315167996
-0.0005974531951930956,0.018516695265949335
-0.00019290151884743256,0.4081786577804345
0.03147426759287997,0.4218315082348292
0.007956446069590284,0.28483915839059
-0.0018981030341265579,0.002833902607021729
0.03498712150122779,0.4580714963787224
0.02151100899994632,0.23347900020877907
0.016452493929581924,0.21665303000522868
0.029722180853769542,0.4632545307535705
-0.00037407492741565324,0.01814365437265003
-0.006541209085391561,0.061780867389555856
-0.0004566070614779004,0.02020717542536841
0.029429957776767046,0.6811877748462278
-0.0005799018541559203,0.019623246288421745
-0.004228540576218337,0.009543196423404251
0.0019340220677166097,0.001528082603693704
0.009322212757041176,0.24890214181896544
-0.01980126317553757,0.19942199110208728
0.020622774928344245,0.4098175451495826
-0.0017914888242409506,0.013835248374768572
-0.0060228321776315125,0.05574456557896843
-0.0016877045995324722,0.01045494113157454
0.019965701585303586,0.3081638879173429
-0.005049045506007155,0.4205037830652108
-0.0065662435589421975,0.7493878354624998
-0.0037737294658012344,0.3641499001252777
-0.012896945359158751,0.7249810995870527
-0.001998404207294524,0.34063213302727857
-0.001998404207294524,0.34063213302727857
-0.001998404207294524,0.34063213302727857
-0.001998404207294524,0.34063213302727857
-0.0019981320932161983,0.34063213302727857
-0.0019981320932161983,0.34063213302727857
-0.0019981320932161983,0.34063213302727857
-0.0019981320932161983,0.34063213302727857
-0.0019981320932161983,0.34063213302727857
-0.0019981320932161983,0.34063213302727857
-0.0019981320932161983,0.34063213302727857
-0.0019981320932161983,0.34063213302727857
0.022875170214025742,0.6215084156050259
-0.004017489065980151,0.3904254323755301
-0.003712775964847592,0.37738388571394377
-0.004237547545714315,0.3978872570769084
-0.003663414509400109,0.36160688723596524
-0.003600311303824877,0.36300639604128604
0.024662414063594595,0.5939057296244102
-0.005354738222152711,0.5022651278243144
-0.006006178805937568,0.5052624620180842
-0.003452934435323518,0.366723852361475
-0.009784969591739578,0.5893287200366757
-0.0033118433986284446,0.37156788728607043
-0.008144367904826089,0.9840559732531041
-0.006402294955136001,0.5610560625131313
-0.0037862194930248783,0.37986798595015614
-0.0144999681200072,0.5972718053146103
-0.0032494204767021806,0.3794054740184377
-0.0032619649261227956,0.38056443417032254
-0.005702799061004626,0.4100231815955399
-0.0059625861652382595,0.41467787969231107
-0.011445435590902608,0.582585221507562
-0.006461887891885121,0.43467767714595185
-0.00976045213524701,0.9498221445600037
-0.013260271785120903,0.5750061429423321
-0.0036977552776236156,0.3837929290926537
-0.0029518911798128156,0.37671034947999205
-0.005184095616969364,0.5009916077351693
-0.003613672092386888,0.3854016662460535
-0.003864207327238245,0.3969468315708689
-0.003179813750532723,0.40347345534970563
-0.003135431981790504,0.4034581897625954
-0.0041746620320204375,0.4035178099073494
-0.01162018711526569,0.557624543441232
-0.0035159287934112826,0.43123184488157607
-0.007840389509539525,0.4825577167173605
-0.006156004698050277,0.45212232542733666
-0.013316626567122292,0.7800281829117384
-0.007779245521615907,0.8529311602017188
-0.003955909697387294,0.432389117926794
-0.0047527135098250906,0.6739642402523635
-0.007220704608687234,0.4942830214166278
-0.0032733937081316222,0.45123430904761597
-0.004133491203833994,0.7510751591004665
-0.0037549263987662895,0.430815864420128
-0.003577861909377922,0.8063006946991244
-0.00697895865454401,0.8339299934155636
-0.004048265143180463,0.47067591933570185
-0.002463120259644347,0.7833294955038883
-0.0024628481455660767,0.7833294955038883
-0.0024628481455660767,0.7833294955038883
-0.0024628481455660767,0.7833294955038883
-0.0024628481455660767,0.7833294955038883
-0.0024628481455660767,0.7833294955038883
-0.0024628481455660767,0.7833294955038883
-0.0024628481455660767,0.7833294955038883
-0.0024628481455660767,0.7833294955038883
-0.0024628481455660767,0.7833294955038883
-0.0024628481455660767,0.7833294955038883
-0.0024628481455660767,0.7833294955038883
-0.006051703456283697,0.7662164723846365
-0.006877895567525272,0.7692255618997841
-0.0038107097415125413,0.7874093802776027
-0.007407129818038927,0.6585505682065342
-0.003472281730515059,0.5847839559378334
-0.007283862236459493,0.7008016876288783
-0.006761485253913513,0.709186957934514
-0.00649709942763399,0.6018446787751602
-0.0066335101058943025,0.6534933320732661
-0.004926675903051514,0.7085075440445138
-0.0022680690423624306,0.5204408916303643
-0.0022680690423624306,0.5204408916303643
-0.0022680690423624306,0.5204408916303643
-0.0022677969282840493,0.5204408916303643
-0.0022677969282840493,0.5204408916303643
-0.0022677969282840493,0.5204408916303643
-0.0022677969282840493,0.5204408916303643
-0.0022677969282840493,0.5204408916303643
-0.0022677969282840493,0.5204408916303643
-0.0022677969282840493,0.5204408916303643
-0.0022677969282840493,0.5204408916303643
-0.0022677969282840493,0.5204408916303643
-0.003263924146867936,0.5511036884740499
-0.004541444307705533,0.6885083452443203
-0.004145736328077798,0.5566917099090064
-0.02933286755343567,0.41542107707462916
-0.05325782583526828,0.7653852461675863
0.06033890882204607,0.9482658165329227
0.052030292988236804,0.9010142239288825
0.02469016967483495,0.5841899041670725
-0.032903681710969135,0.5479700524464137
-0.03169353694147764,0.3199633436426285
-0.031952616550963764,0.44072423764893937
-0.04179486611133343,0.768614530221054
-0.03662791366583057,0.5191780384062836
-0.054221108908419136,0.651536887822201
-0.028107538830129286,0.843185701545691
-0.04178006311908444,0.6911925852289137
-0.02668963512734429,0.22269107334467994
-0.041713721755667565,0.6095348070057307
0.047155590833928396,0.8370424861969475
-0.030085724974706796,0.4373220796585584
-0.029839652409502426,0.4027365982213908
-0.028882764012551854,0.943872701491446
0.04762422533086241,0.7302192370148107
-0.056900995070853,0.8351684108133538
-0.025328494373037747,0.29344854167294276
-0.042928846211864435,0.6647351448611535
-0.03570547488459097,0.704591281335237
0.025159266763536525,0.8405984701511334
-0.028950493154365153,0.9683229211662921
-0.051047635411889614,0.4850295174102256
-0.05818523644725948,0.9924917206815991
-0.031560255573571394,0.34157522525190437
-0.03942230534642144,0.6877237865561263
-0.050540687286138364,0.6549771417526115
-0.02949703384293617,0.5135021514062794
-0.04102962750723255,0.46586576258756224
-0.033890584268175705,0.6913378123958869
-0.04916966880099749,0.8151097823460954
-0.03107216493705206,0.36796681406220755
-0.041774185456848745,0.5782692507469652
-0.03017476063245672,0.4681251511997976
-0.03164387616394693,0.42417764674470043
-0.05028783908316803,0.9602986371074012
-0.03255077724399791,0.3497035656464885
-0.043527932088433974,0.6056814298101478
-0.044563162070065054,0.8094025750407342
-0.04455347481692007,0.8951868511411972
-0.038460410051667115,0.744857384556134
-0.040681784357168405,0.6280588765597998
-0.0342745641406178,0.7760025304326893
-0.06052405509430159,0.7951038623334263
-0.0493939722584974,0.919655465710414
0.016426588691599298,0.8847032292055663
-0.05031954034699737,0.8706192959692042
-0.03495697128547948,0.39045631730021796
-0.04536685035847565,0.6232648561632023
-0.04780806545492333,0.46397982304129054
-0.052323087504494326,0.8699944953292478
-0.04021418389435072,0.6065380986734129
-0.04318811629594643,0.8681176171746691
-0.03361874252048119,0.516966160876238
-0.030185754030702783,0.48614817749835587
-0.03876125913659967,0.7687948600762887
-0.04694788632283198,0.6859925981602885
-0.03809041683233272,0.8047693195153922
-0.03654217058811898,0.44388655447753833
-0.0320550129972757,0.4326591365123293
-0.0326120028621234,0.5420189494853813
-0.056183811774005,0.9158823893140698
0.057454991683932644,0.8525522688603758
0.04562843341686362,0.8065230661469774
0.04791701984402641,0.9184325043774235
-0.045598773007075044,0.7296481244413631
-0.03918371590754355,0.5809547968766597
-0.057990049174485137,0.926959546006497
-0.04264054157325892,0.47391842811914564
-0.03403181136345673,0.43594153718995693
-0.03887693474127185,0.6283645420617532
-0.04489070552411678,0.5508205812109374
-0.044671762711794405,0.8698102470356162
-0.042046897968975094,0.6212320023432903
-0.046104333351336124,0.987711360401834
-0.03643199168721023,0.5364382207021554
-0.053295976200588235,0.7235684748930561
-0.0592624263820265,0.9693374432792466
-0.04013608721574358,0.982726261651642
-0.03807392673341681,0.5659789016110816
-0.042550390251190784,0.5877247992972031
-0.04546761412341116,0.8260169767169883
-0.04598460325277476,0.6747483091376912
-0.04308465860751309,0.7035820110199724
-0.051115990412061385,0.8019303827994684
-0.03878335478367301,0.6157382139415769
-0.04133355148032214,0.5586598278419667
-0.04490041998836025,0.739160299884587
-0.05407623548881957,0.7351698861492918
-0.06420915707501706,0.9075000850491035
-0.05506419928814732,0.9868057382557857
-0.067772215992146,0.8795719508906737
-0.06704431140803657,0.901991412018752
-0.06867857284404022,0.9187889463243194
-0.06441868475136636,0.9214867375813514
-0.06949417972660643,0.863585288683947
-0.033556129120865585,0.8306396742247534
0.04867733318671241,0.9673857610230053
0.03045658895847303,0.63450696827936
0.05049404696838056,0.8754702425839644
0.027306081870355214,0.7129426734644169
0.006732042532912819,0.6707343303405372
-0.0016292273301951044,0.9017865102817342
0.04036218662430424,0.695776016703947
0.03132729889704289,0.48718621024787856
0.026358799093254226,0.374149540343569
0.0448947872321982,0.8643282411601917
0.04146887370536262,0.47969284754926184
0.04037328887003788,0.7432792602102503
0.03651634698343176,0.5539149512120289
0.03297130200838849,0.9133441112053892
0.03064578972771148,0.6687050684227469
0.010377116567045652,0.5243339702393482
0.0012261178544428208,0.6903953460327132
0.004948880394518795,0.562234642074286
0.025728501752628086,0.6854220298149973
0.04244426584417127,0.794644098750496
0.021550683199155207,0.5946397295564495
0.04116037821823215,0.742465231589957
0.04152408560576004,0.523883893909563
-0.002174570721152569,0.9359036293391397
0.02609800516600269,0.5078944289287577
0.0037331572910619393,0.836931871912276
0.019817345107976336,0.44838938582815613
0.009412010331735554,0.4237867279709951
0.045677060163371586,0.9716004782158005
0.03151990108761993,0.5475079214731675
0.044906107169813025,0.6837503255115147
0.04584669594553703,0.9067937318870043
0.05068028169694938,0.7884157389743947
0.02576148195355349,0.35482240835944806
0.04287608332889126,0.791569239317374
0.044736280906864656,0.9096715264629958
0.0345359839262277,0.5282050076234559
0.026046738915100565,0.7895492564800645
0.03749073230231614,0.5158266840781307
0.050283702952889864,0.8813506231514158
0.05919864289280219,0.9362673367266677
0.009806194471287166,0.5979252867555295
0.01925828717489597,0.5329959803429949
0.043803964391697314,0.8565481520852424
0.04677580151705518,0.9498624446206646
0.022236627823941646,0.6050971197147289
-0.0018833816782665158,0.8810985096604785
0.0015364637117376567,0.46989454438005884
0.05163085705099524,0.7813216489464286
0.0259128861048456,0.4526970299059996
0.022626104393959956,0.5837097048326374
0.03210440166382167,0.724583840559344
-0.03468137436288543,0.8984154004826319
0.010012783314971907,0.6427606171095644
0.04768286586679049,0.9935102156551474
-0.0006975638875781343,0.8130047911400138
0.023257435768702428,0.8571144482447629
0.019468331868303435,0.5418040611669481
0.04512801602280503,0.9209951094649074
-0.00019379949437781097,0.9734656282631936
0.022090747581324233,0.5994777235522184
0.034979638368714316,0.9498066884921105
0.03626197494657257,0.612891766882041
0.02777324694940997,0.8700327001167648
0.010111723917748283,0.6633134859865625
0.02895756811421435,0.6878083051189386
0.016079126500007312,0.6794760153819704
0.015548667734594401,0.8778185580064622
0.04641337306352977,0.9879529158782879
0.03424629150922559,0.4796527107551917
0.027645679970961345,0.5416137991555885
0.028736475597270217,0.7298679924434079
0.046102102019606184,0.7108400224375526
0.030554849271413276,0.6450870001546734
0.029656356510504578,0.7042741870512746
0.015314921926929292,0.5766200774712249
0.028998085866756673,0.9872862369153976
0.027576454203264156,0.7015719603418813
0.010883901426205933,0.49569115622987875
0.04018376156452419,0.7697019244260241
-0.035799218111874254,0.9709163295420749
-0.035771680189421784,0.9714041752756144
0.01771991866461009,0.6233738105553989
0.018259792569089717,0.685351552324396
0.016025846603069382,0.5600800173017721
-0.0011063333305909584,0.7986334240294779
0.01104012199451887,0.8316505227991973
0.03440204948267733,0.5400229670936932
0.025080598645674135,0.6065081933606445
0.043052848496196505,0.6381112796548771
0.018014291443140595,0.7957767727028324
0.009419166927973843,0.7058805568143585
0.0330373984626382,0.891160600008701
0.03381792986804133,0.5556998820903852
0.020811812427898202,0.6882344626394915
0.04130144204382857,0.9734745535963006
0.03236816163174261,0.79796851380655
0.03643582849231164,0.8993797992231944
0.029296540350274958,0.697994697082857
-0.009649756211092875,0.5260024091738911
-0.004596982747471778,0.30348494447506397
0.0010281822297868448,0.5195041396597418
0.006221094332375665,0.4026408685653574
0.013501364666713589,0.5272174519936988
-0.01726048162104865,0.6166119443399195
0.024873057404262044,0.6691732131106276
-0.02687927127725187,0.5157957719423444
-0.00430701821329782,0.6299525713495697
-0.030384070613831082,0.5251512914365862
-0.038156785403754334,0.888364303535749
-0.022532034633494957,0.44688652817879604
-0.003727143573333924,0.7766107865484392
-0.022200926485326566,0.3819564054240264
0.006435003041983078,0.7995031271481234
-0.005924626283794754,0.41340261807739564
0.003962277162489092,0.4026397801090441
-0.0162951576938572,0.4436363729931543
-0.024176690817391155,0.4458680059910557
0.023652136925312206,0.5231008046361546
0.01911798526933739,0.5733337583552005
0.010453526142079506,0.4940874803933861
-0.000879880174656622,0.42431435675123097
-0.016763710554402178,0.8608034958780674
0.0013011124337947155,0.7490289172778005
0.0002432970053176664,0.4529492794555227
-0.007481471324840228,0.32454473426671476
-0.011538933915206107,0.8960521188012942
0.020656244932135914,0.7118236596289128
-0.0035511947513571784,0.4402343510613592
0.009028411420859361,0.42364732403787336
0.011580703393746117,0.4266798969784907
-0.011876980967731376,0.640434968773395
-0.01220221145366418,0.7774770066062634
0.014928329761191517,0.6132394467655143
0.007068320845475706,0.5401649016837217
-0.006512963665098015,0.6098277647916728
-0.006458078297882142,0.34387164855895436
0.019717833069038515,0.7972207721243829
-0.015479169855912411,0.42476290924094023
0.020391668625073467,0.709662885080085
-0.03156795639487264,0.6700382358677446
-0.016575462185984713,0.5157389545685754
0.006658081987677256,0.5836249141526532
-0.02625651149133612,0.8024025275621348
0.00221903412628377,0.5934754903957762
0.010791192233039038,0.4471081377066111
-0.01704464090488811,0.42946422044127713
0.009564203617257738,0.6062155893220763
-0.001970131575902423,0.5552630577078616
0.008326493711121596,0.3486874380632562
0.0017165486670860375,0.9961562780664159
-0.010553228661800362,0.49467617152515664
-0.026716356707561895,0.6291266513555
0.01623200006608505,0.7150220315465942
0.010004184521233861,0.9178657184119433
0.010631270915117008,0.404676525159348
-0.00044898787347202873,0.7464788022175404
-0.02027335351600712,0.7775109936271131
-0.0002742091411040426,0.3800295127414496
0.014668324968170166,0.7241308798221846
-0.013986489262563406,0.9314885819202742
-0.003620692633132694,0.6085020532649965
-0.03537774094975632,0.7983129011130785
0.014077946732826252,0.6241988597850366
0.0012264716018166588,0.6315329542413756
0.007126226675557956,0.6149668799864526
-0.003940562476981602,0.6003771415028495
-0.010976501774978997,0.6109712416645658
0.0080592506885665,0.7022572518910236
-0.018651446051734633,0.42061368985513475
-0.005580837627619739,0.33535535542824074
-0.004227180005826725,0.4473673261604912
-0.021472804212429364,0.5253395125939052
-0.013817560975145415,0.5372078947617113
-0.029997696139974717,0.5086867972857404
0.005251226108428875,0.7464374681196695
-0.0022352521111214663,0.466979334147687
-0.025212084062519624,0.9940446472811542
-0.009464065713774228,0.6597797337349421
-0.022037821437947303,0.5028189339566113
-0.00941181985095274,0.6361335833131658
0.015641866733721033,0.9511854894318481
-0.01377089344938276,0.6526746503056365
-0.0013869915700922553,0.7761049540900997
-0.02177686424101133,0.636632286389459
-0.01737580347525336,0.7864773358765135
-0.011602336445958095,0.5187257035336699
-0.021037612514375748,0.7351103748489317
-0.005796759977075738,0.7396856701189009
-0.015847503179678313,0.8922867976515417
-0.017526608979285596,0.7268044529448073
-0.03256680475114615,0.6528960693557623
-0.02233548679032904,0.8620383213737359
-0.022028188603905652,0.7889636946586479
-0.014820218925421957,0.816076357996191
-0.0157761821357435,0.8316347674092208
-0.004393523214140993,0.876123887294568
-0.011364508930211792,0.8415047181586339
-0.015437699702549157,0.7374956433329487
-0.032265329801667963,0.5924495395008128
-0.03541746957425573,0.7239098961558216
-0.028171540011235008,0.65109024013104
-0.033840787432059094,0.656171721609816
-0.029232838497439628,0.5039664925375856
-0.011201594360521816,0.5326460419166931
-0.011418822855078947,0.3212727011258812
0.016121304145024495,0.2710227675050533
0.005659532956580587,0.11419846003827797
-0.017014844436513465,0.8203507497590307
-0.000724176623401851,0.32030612547578563
-0.012991178386214552,0.5448804444401462
-0.02854041756006409,0.8689325165593942
-0.0303263552645317,0.5147026361337245
-0.033606524607335764,0.4963293448725891
-0.013721613630324259,0.3312844776240224
-0.013692361390106322,0.45635059389257027
-0.03568514798057354,0.6227144786664361
-0.03794921695124376,0.6891780990922739
-0.011933172476954634,0.29340176529969253
-0.01707704966655843,0.38422014785532776
-0.007325305178724262,0.3508026607506395
-0.021465565982895674,0.34734123636287817
-0.03099401383624789,0.4482006204426805
-0.024822498648107427,0.48442036331585175
-0.010185031393526667,0.5410195841151432
-0.03471421850831846,0.953152654967081
-0.03526105852515993,0.5627347329320693
-0.019162339826981206,0.23324356729444715
-0.022910517805267205,0.5253973367906921
-0.018067353645103534,0.5023677147483157
-0.02763022390306824,0.7669897111352154
-0.028824313954313063,0.5906994391935462
-0.013488275992229848,0.31238059154198167
-0.02123856859880463,0.405221705280621
-0.01210327085707491,0.3452522726639448
-0.023872494733316763,0.4121716293868285
-0.009126209142031882,0.20484301625927254
-0.011330467487165097,0.4611629819724398
-0.028718869834036154,0.6391230534190435
-0.018854987221454456,0.3277953792552226
-0.019448358708566316,0.3312448578439169
-0.026292267255241808,0.5298588340465326
-0.03230854148389506,0.468212635806373
-0.041003667847053005,0.9112599911345751
-0.011704487989290246,0.43869930234221016
-0.02222762085444563,0.8193092611628787
-0.023083473375475783,0.8538443743246745
-0.009057146644019132,0.4085249226682257
-0.01691878824420484,0.19049613939722432
-0.013568631213665527,0.47372160816190134
-0.019139400629668124,0.4422843480558312
-0.031325775056966765,0.8092459735108555
0.004411373880354966,0.11089360996929694
-0.035378883828266594,0.67492265248939
-0.026917503272773702,0.4823095760839235
-0.03236590308582077,0.6734307882382761
-0.037939584120295744,0.6235073912515755
-0.00987027728878187,0.26117967439135015
-0.021476423328743,0.3053728160309825
-0.02044317977895549,0.4746597207029155
-0.017043634081870263,0.5058336018026305
-0.008699670663006864,0.37694156463075035
-0.019024242042054162,0.4054112325861347
-0.017560949750602628,0.4115850879565861
-0.011553083834904554,0.24044220347025316
-0.029118632307553016,0.41398260156175337
-0.0213273049313778,0.45585858481765407
-0.022271349553730946,0.47750722900766623
-0.030487609938653293,0.54310413956972
-0.02529004468563445,0.5940632563409178
-0.02254278313185476,0.5276261125923178
-0.02681692999171459,0.5277276654852964
-0.015225940694469864,0.32128519115310483
-0.01848066739105897,0.3398476831834786
-0.025651629585826563,0.8088260746110106
-0.01544627128828241,0.338163243952886
-0.02792075987340381,0.8068273710785393
-0.019889999508110767,0.5476779654249038
-0.020381491565968746,0.27450536235016537
-0.027786988699537774,0.5774120920808339
-0.013710729073378447,0.36200177887335794
-0.02383760973384308,0.8845756622271177
-0.016659490945931,0.5343669988281358
-0.03215787203844889,0.5518028306208075
-0.0328565243792468,0.574603659328032
-0.014787810163751636,0.5670159547517785
-0.02721759044076183,0.4319592052344352
-0.025576009145022616,0.46034892614104816
-0.01659015633383981,0.28292949051586863
-0.03283924514919434,0.6435207127603692
-0.023746070630284888,0.39198088963508554
-0.028796993723741837,0.4948812365318589
-0.022068651937344586,0.4738263720016228
-0.02594543092510182,0.5281005431120048
-0.019571816770928785,0.5271055315639264
-0.018291629891505012,0.3254107638437561
-0.020750369117891354,0.43972925330886575
-0.021169424467496423,0.3931833607943742
-0.0031619086590282675,0.2758695235642448
-0.0017183718292453822,0.011306848000015843
-0.02942359031475894,0.7772681320055581
-0.0016434044609920772,0.010786702352293483
-0.018318106568742776,0.4211807751426982
0.03689978262462362,0.380787104946446
0.02867261047475045,0.8432351718455323
0.04027940958726217,0.4091803089076931
-0.02622138159197618,0.4518227008542097
0.03808187245769795,0.41937880993417576
-0.0013245686481659696,0.008717085948551667
0.037492310564589126,0.39510641667184965
0.051089432101528165,0.7450283809055975
0.037874031891109106,0.4123935926620174
-0.026838508618636125,0.7860217628460584
-0.023349056505556076,0.8897625878292642
0.04251800869752531,0.8550675261384479
0.04518875183806437,0.5250146902775432
0.046100224432156334,0.547408681548308
-0.023991435700741692,0.4321815494742835
-0.023955190133969906,0.4421607267268779
-0.023955190133969906,0.4421607267268779
0.03975605299589047,0.4113053276926153
0.0462223763463242,0.5603381989326343
-0.037309286779669604,0.8328083128614734
0.01515483734241646,0.37258809657738406
-0.019587708219491073,0.4551018633770895
-0.027938147950943737,0.7205906512610687
0.038095532571436774,0.42042204006228506
-0.022087835962851687,0.34774690370663563
0.016679899483243665,0.8442366597031065
-0.02518606998014311,0.4656483436122223
0.056889212538376754,0.8680840383264835
0.052140526314436,0.7507265268223594
0.01356435902789499,0.429823682854133
0.04167042844014518,0.49742332423454244
-0.030214598101350076,0.739315840169251
-0.021473674976861368,0.6304405531416952
-0.01991182303801209,0.3109158298295575
-0.014217704410228182,0.3439617454588256
-0.02089633099689775,0.49163508142100304
0.05296786130418785,0.7377242733984162
-0.026473603933494405,0.6678791756397757
-0.020200073254420747,0.8224458904422829
-0.02346742603681945,0.406420883862965
-0.039902695155452306,0.9758911151745763
0.014178574439175917,0.40229903912992765
0.0417062930484447,0.4802900014192782
0.0488245739997214,0.8711034137420361
0.044382478461269415,0.5232021398403454
-0.020825581389124492,0.3278266179272842
0.05037627608747086,0.6715050656453079
-0.03728977621479368,0.6598035709077856
-0.03571491723475617,0.8361691367539835
-0.02641349397659354,0.5015428015741703
0.0531232927413644,0.9866801032869837
-0.02224215173570998,0.5309699021577554
-0.02503382227242401,0.6188679043166242
0.008168722094727743,0.7933505510825103
0.040488012073889024,0.4406046708169689
-0.02905362430652314,0.8108634183116681
-0.023622394879134645,0.5733087238785562
-0.03433132709218978,0.777975791315852
-0.021630875154000084,0.33892489065177167
0.047662294059793386,0.8821611142917843
0.009770438710475116,0.9011581993729517
-0.027671911745219324,0.54003074954829
0.059066205075135825,0.9067725614265599
-0.032960825621013434,0.723626897737103
-0.029612165219451758,0.9103848729516488
-0.03160651492976341,0.6728792950740982
-0.028958983106803005,0.5812886261656114
-0.030271578744803462,0.6255045981550693
-0.021664562852766522,0.9667720626287826
0.05976654452260055,0.9023178670195839
0.026802208629667312,0.8984812520400889
0.04557548005929457,0.5351682925182254
-0.034178671214899814,0.7984123587298194
0.05636095789978235,0.8112104179083988
0.04042741231721558,0.925134342272391
0.06032067719117262,0.9090980192850401
-0.02059583565624523,0.9902311347686565
0.059688230152112,0.9749969762358273
-0.022407678598695746,0.9649167631042189
0.04137303520184171,0.4336999448248322
-0.024894445553494293,0.4242495664389888
0.04609919039804,0.5350543856566092
-0.031297012622708564,0.9951961515147175
0.030465405447186233,0.9768979364662294
-0.03443312488814809,0.9848258922156398
-0.009818330751137139,0.9186832573010627
-0.05612805564545087,0.9734557233181673
0.060276458689021206,0.8475979734015763
0.0027401865939304937,0.9878350905751813
0.057971708696124336,0.8396500172844238
-0.02464102591126882,0.9650605480675051
-0.04425257130669702,0.97537750026164
-0.04753921696209029,0.9151827029422491
-0.009791364267939695,0.8512833474963701
0.017491506287930503,0.8579708994161467
-0.040988783218414926,0.988486803276138
-0.0011152314556931234,0.048372701718875366
-0.0011152314556931234,0.048372701718875366
-0.0011152314556931234,0.048372701718875366
-0.0011152314556931234,0.048372701718875366
-0.0011152314556931234,0.048372701718875366
-0.03900844737230941,0.49004588204048416
-0.013746185509013714,0.13515196215631842
0.03284667385641726,0.9699895097275772
-0.001892660758747243,0.05250012478278435
0.0328440343520231,0.9699959588259743
-0.0018431088225168632,0.052012197415949424
0.015972076906359045,0.42964702653431525
0.011991813015976405,0.492710829152083
-0.030965088135398777,0.44322003878433247
0.0027294925208611875,0.904164513325119
-0.0014536050414000953,0.02401946342606034
-0.03257940362276379,0.6292981647220217
-0.03444613192933638,0.4577709466189666
-0.0016852555728275667,0.03570003260611809
0.013885208483663258,0.6281581981179547
-0.0013971958372018395,0.019103644865762458
-0.0013142555335688907,0.018876756329158858
-0.0014707754270586251,0.03260250608666774
-0.0015508313264110743,0.03722604714776626
-0.0017798151392522527,0.030327824676223674
-0.0013760525909495107,0.019236518067191583
-0.02442213752114336,0.48652562663601173
-0.0016044649676291503,0.039904763220591395
-0.0017559235411182192,0.026062766419155267
-0.0008260016304586851,0.02641613348098776
-0.0008260016304586851,0.02641613348098776
-0.0008260016304586851,0.02641613348098776
-0.0008260016304586851,0.02641613348098776
-0.0008260016304586851,0.02641613348098776
-0.0008260016304586851,0.02641613348098776
-0.0008260016304586851,0.02641613348098776
-0.0008260016304586851,0.02641613348098776
-0.0008260016304586851,0.02641613348098776
-0.0008260016304586851,0.02641613348098776
-0.0008260016304586851,0.02641613348098776
-0.0008260016304586851,0.02641613348098776
0.002904271253229118,0.9758082020820418
-0.0013709096376534197,0.023991735022824884
-0.03938782851961198,0.43833314592797723
-0.0018699120422170298,0.03437119177218152
-0.015051406865081718,0.5045866944524026
0.04663827517138319,0.825405564079786
-0.021798143545849635,0.8280892054140259
-0.0014163526547040575,0.023667103187245717
-0.035928608252482175,0.44659713508387716
-0.001574913402234427,0.031913160040542655
-0.001554287169946697,0.03344086168576414
0.015312418478027445,0.7401801554316205
-0.02966024774089654,0.3002121766283844
-0.035102905950293806,0.47816250639964614
0.013127262528199402,0.7832999439384937
-0.036416807733395395,0.43760107800249115
-0.02210451654564405,0.6556952502360883
-0.032063394105319665,0.3670238578961677
-0.03836078916524177,0.5777691054669849
-0.00045535533857377075,0.19512724522413177
-0.0033926067927283476,0.27692391036028463
-0.0024383851112705357,0.41403890192155773
0.0014602174094817122,0.3321913787040734
-0.03850623402719,0.5608785898541722
0.009825324077690989,0.5113851055567369
-0.010955331314534633,0.40253915240269444
-0.019356220954654446,0.18501505871152227
-0.03566161013290692,0.3941634605058098
-0.03394400022060601,0.3711956627319125
0.0017698829862209942,0.3487086901539024
0.010106689811939629,0.9843277061564047
-0.03434743623263342,0.43524544272025784
-0.027464560984590103,0.5025125065346198
0.003484635699152694,0.5145469597935682
-0.026179911438612924,0.3123288626962183
-0.008629356438996372,0.34405105322756024
-0.034848506699242554,0.3823645762166857
-0.02632747878480357,0.3022272614122842
-0.04742732373722913,0.8825346994132403
-0.013758729958434301,0.31998152084821135
-0.03719317579432829,0.42495243654645387
-0.019316410699953185,0.20221012416197026
-0.03915010984825951,0.497266314535093
-0.03719257714397467,0.4300730207882772
-0.03806451159125657,0.4633863699177897
-0.025139511295680705,0.4205816348408382
-0.013513228832485152,0.2136622265431514
-0.01048745873763876,0.20971154142926204
-0.03902586265785424,0.8150235766735227
-0.027914174719514184,0.5018178814797062
-0.03515907024841869,0.5591050605436326
-0.033209646538099435,0.5186849953003446
-0.034699497146271296,0.5475772560852586
-0.0320706323348533,0.9644184409863978
-0.03149013183034377,0.8369779135765867
-0.027403607477449354,0.4430578044982915
-0.03239371312235151,0.6370971112892965
-0.033110869208101024,0.9374491816567623
-0.03746531686719967,0.994461743410014
-0.0018002508907570876,0.01654664532334235
-0.0018002508907570876,0.01654664532334235
-0.0027638877112816165,0.016674076246298592
-0.002098106727015294,0.017866560827265506
0.0300915210005534,0.28137272710811856
0.037421343268028096,0.45503154915307903
-0.0025175430350925787,0.017173323550748472
0.0006004192358625982,0.05747140014955316
0.029430910177588032,0.9802271679393042
-0.018075190524990875,0.1448154873317312
0.0036228695426657465,0.026090603666784624
0.01397791767683021,0.7689127125904939
-0.0023143556127465416,0.017547561744754973
-0.005433868931782659,0.362695696433524
-0.001422665694515289,0.0173565650244558
-0.0014229378085936113,0.0173565650244558
-0.0021645297175402582,0.016842623572150772
-0.002718471908423033,0.01669886581996302
0.01718399041271923,0.704614356591136
-0.007032837198741981,0.4650717615492032
-0.002280232533310854,0.01759752185055605
-0.0022104897516490637,0.017705741533813123
-0.012621348436564594,0.6278394983637146
-0.0020806642272784386,0.017830614585670555
-0.016106882111247667,0.8316024674919444
0.006658381309760521,0.058932216209388454
-0.00161230184751642,0.016987823531119137
-0.00161230184751642,0.016987823531119137
-0.0019025657037736263,0.017394007891934737
-0.002101616992747867,0.01779415132701743
-0.002504073395949522,0.016947332986581694
0.03054170617473262,0.3842074401393163
-0.002053044668436881,0.01709658743943928
0.03527096347018632,0.39767307625631626
-0.002523692805219387,0.016977564835625434
-0.012519060837740098,0.09299918468330359
-0.009106372040880634,0.20578673434535039
0.029640437850843804,0.3107906030303263
0.035431537857565254,0.49936825806720975
-0.0024782225801638514,0.01710298211563951
-0.001988499262268184,0.873728115215171
-0.0074784780730722256,0.7845981175427172
-0.002370547125063424,0.017289733861266563
-0.0022468713739131844,0.017533139710978148
-0.011750529653600905,0.3205039794640527
-0.002308831700978231,0.01743645765412382
0.00014985310321118106,0.12437434840681634
0.02401687834695665,0.41238600068511
0.00945688190643753,0.04896351533798196
0.016221959065566227,0.2558714948536599
-0.00385694188969965,0.14806858134694392
0.028181771489443008,0.8779065052078989
0.004748903915822056,0.560633769011872
-0.026106250215460702,0.3583423100165467
0.02285165957436394,0.24081415591033276
0.0075174991997305485,0.7576636887841713
0.030441051257284413,0.43143821603337945
0.030568999194205304,0.32466857328445586
0.012084957592906065,0.8021276109262834
0.020301898261477547,0.5627504883251393
-0.022969430455273665,0.819160169976612
-0.011403393998284161,0.7208660032775893
0.03698800194323215,0.6495626201160203
0.03256468226381015,0.933140476333704
0.026950537898989713,0.3113495793270177
0.056167430522576445,0.8929512997018054
0.027906746009197625,0.8630819324603174
0.03150882605298477,0.33880956879756685
0.030630905099073402,0.339539187696348
0.024098621349882388,0.3309011236130324
0.028072027969203495,0.4409349898340008
0.005617273675174395,0.7146166907360185
0.01179681622089146,0.7133175103118705
0.0001874864514730401,0.9058515376379089
-0.0006771009249747495,0.8095246725296115
-0.008942042478602114,0.18185380312504457
-0.0465813217390284,0.9062371774028258
0.032328841176813894,0.5312883570121093
0.032460163327068525,0.3532114398712248
0.030940516250522188,0.5321966730847488
-0.029747024852724513,0.8170339266798842
0.02793066481843015,0.41828137472868676
0.008828598211847116,0.7353954685407943
-0.0017725224875216883,0.7887486702847223
0.0334230110195502,0.367872009592803
-0.002492835091630008,0.6469942462137883
0.034397341916237556,0.382789128263867
0.001734453758590604,0.9857379090378884
-0.018218921069173666,0.8464878032658838
0.03538247573038816,0.3979607550334698
0.036379119962936635,0.413384821830285
-0.024337319630060583,0.9337494671583935
-0.04656202886603378,0.8863369736245119
0.023323804340124044,0.7823838454081637
-0.04705928973863993,0.8837334970340184
0.028407408306236115,0.8035208611139898
-0.024152799222350696,0.8841229463960318
-0.02419748031626978,0.7044062166962768
-0.022235076775860674,0.9692277813923025
-0.025677208290627473,0.9910982800131097
-0.0006640122473975871,0.017734531179169823
-0.0008491313085546986,0.018528913179094678
-0.0006637401333192613,0.017734531179169823
-0.0006637401333192613,0.017734531179169823
-0.0006637401333192613,0.017734531179169823
-0.0006637401333192613,0.017734531179169823
-0.0006637401333192613,0.017734531179169823
-0.0008803699806163058,0.018532940464978997
0.02944919622756481,0.44614161647871253
-0.001477687120317029,0.01788887416312655
0.022908803487501794,0.5180932837057076
-0.0014207336879621286,0.017184017623817775
-0.0010852989287326083,0.015462162736844715
0.035484382370740475,0.537002911391398
-0.001508735308502162,0.017805362417144904
-0.001439319063115646,0.017213215441838747
0.03303590183984778,0.3371399053481248
-0.001608002447553776,0.017145976105985238
0.024645189252645527,0.4003623775609104
0.05745749513283449,0.9066411032208129
0.026822726017561194,0.4614796136615409
-0.001649010006055815,0.017268617823019135
-0.001111258592005752,0.015112605269015169
-0.0002552700123895982,0.017869744556722807
-0.00113471480637704,0.018351630997824834
-0.001582859126515599,0.017635127984625836
-0.001450040350376998,0.017894425285993335
0.0318329680856978,0.5158628480085135
-0.0014528975466526033,0.017242032301387496
-0.0016228326539948733,0.017504214007035498
0.026743132709976414,0.8471176108005503
0.037206128413319606,0.7109042685216381
0.03148199562527976,0.35133839852174736
-0.0013168406157661738,0.01811170820584093
-0.0010842104724193141,0.017645876482985663
0.034982522776088376,0.48264199038028655
-0.001082550579944476,0.015607716443186828
0.024257671903372524,0.49848421454808284
0.03192774534400389,0.5944443518028922
0.033722417900795776,0.49322117870226645
-0.001428162395185121,0.017863295458325625
-0.0003574215588152928,0.01763284223069893
-0.0004758182980834913,0.017360483462852645
0.02886926716231042,0.4736172797090362
0.027537351443310376,0.5217759094517134
-0.0009306566195990823,0.01827546632577076
-0.04074017999011681,0.6773211729175752
-0.0011382794974001374,0.018284718198246598
-0.0012543904827414312,0.017462852698066134
-0.0009504937207503207,0.01836142709536374
-0.0010593936907499872,0.01580878137510323
-0.0013094935418385967,0.017423532246230982
0.03165946828733246,0.3605137514273454
0.025342780351322203,0.5236420391110259
-0.0013646782342311911,0.017919541395933037
0.023111609948281986,0.4938862249806868
-0.0011788244641345348,0.018197913875320177
-0.000984317475009211,0.018294840835154355
-0.013593420787329946,0.7153211935248599
-0.0014420946260958294,0.017705795956010073
-0.0012825542666460611,0.017531561448705157
-0.0010294611637894704,0.018073312937541067
-0.0012628804351792478,0.01803380200492302
0.03468523838217885,0.4849654345927309
-0.025308140257921885,0.4869863154055709
-0.0010451893457609635,0.01809992567336476
0.03325925289652676,0.6610479748122052
-0.0013139562083920933,0.017890588480891912
-0.001226662082599552,0.01764873367926127
-0.001080292034022469,0.018187818452604473
-0.0011264153347221237,0.017868492833818667
0.023883569764858337,0.4749825021683305
-0.0013127861187833753,0.017660842744919133
-0.001147476947679027,0.017801933784707756
0.010576576028684226,0.9215793923523213
0.03626194773238056,0.6143938626144566
0.03617870810357077,0.4551364762593913
-0.01649823626871577,0.1439544646463064
0.028603112596068625,0.3260654697964809
-0.0012440501570458798,0.017755919328402
-0.001196130905285437,0.017912629702674633
0.026268375654014187,0.46559266911696356
0.03173946976448794,0.40163178872778227
-0.005079331780341478,0.6727885178874844
0.03187653351529862,0.6123323552046804
0.011059686981591876,0.7063002108143172
0.04086693062942398,0.49917214560471296
0.03629764907099564,0.3777244090011789
0.026982865024270997,0.3475402332296555
0.0302294010966927,0.5238570090596609
0.03648668657054954,0.47263345203998675
0.019729751657007077,0.7836537735920938
0.04369928218836483,0.8503231937335732
0.04855978000077765,0.6742867496037002
0.037061554318896905,0.5086404835073514
0.04360189263676295,0.6910331537169514
0.03587902910515328,0.707078891843369
-0.011081537722591683,0.8698483973978427
0.03804508266586315,0.4315306531124681
0.03135916342746292,0.6477624780727507
-0.0024789028638128874,0.1624410369106995
0.02366059966355799,0.3231885187769165
0.018767557037075944,0.25962016263481197
0.012374405106928374,0.08916978071915009
0.011856137043562254,0.4282311636855709
-0.0017485492591857166,0.35369109497750323
0.01147275582456736,0.1659400402214321
-0.0032151069195771598,0.5803558198444841
0.013910705552075131,0.3594306021970473
-0.02699192641596393,0.41880704428817744
0.007397061600234622,0.237560381611471
0.011178573526819724,0.3053603260037588
0.016293905970953065,0.23739975279570794
0.019168598447689145,0.5771964146312641
0.01352359636927919,0.22126032586729752
0.01453991443638808,0.2513961470032977
0.005707996436497692,0.19887863414297346
0.014635888995401289,0.08222276823141514
0.02387780095320377,0.21653506864353605
0.018674657363126096,0.16651950669182528
0.010702265422776552,0.13846864917997256
0.01951957090810716,0.13267071911328812
-0.020360239475322534,0.1666247059122159
0.006981189986274006,0.23254023459521442
0.017895432105917597,0.3302916701965754
-0.011427884249865405,0.9015068860763493
0.017941065600657585,0.11375279195594279
0.008698446148107608,0.19904824271404048
0.01249495154772469,0.08587257704617984
0.007056538316093097,0.07845932466911253
0.016197632083669478,0.279428228659214
-0.018699610203381373,0.1753386897615121
0.022172871545815792,0.1675653218990383
0.01234874476883202,0.3448409725609316
-0.00887733380274891,0.885082610352869
0.009810412237954452,0.1876998973464693
0.016178175944083995,0.367621828108419
0.02218236831817788,0.3071148617664805
0.020534011387766227,0.14900435370564705
0.0031563847472599327,0.2059288322050633
-0.0019246885619453452,0.09414652557239667
0.012802521845132794,0.06664465777891355
-0.008102380734404613,0.30061525889303814
0.01368466056571141,0.0896293538212975
0.030038268317807537,0.2711874236036071
0.0030927373135281044,0.6363791932866024
-0.015019379061883609,0.13258127528596744
0.0181296405084439,0.30751690999701786
0.016872882635386555,0.13437752610503229
0.012088304592047863,0.06719887208078108
0.014689985228386992,0.24046084327069722
0.005169646369000441,0.19926596101455724
0.00033238708217100954,0.17448553117016666
0.0045059334498732395,0.10009898910072718
0.004070306368056803,0.2163291328724019
0.009247245385694311,0.09835773249636563
0.021057667304314742,0.17758980611319097
0.021244010877277508,0.16751593323249234
0.0075091725169772194,0.13958415274665043
0.04010008655504527,0.8898525758816479
-0.0020183773639381175,0.12163337268174937
0.0030089806676600883,0.16563222502104413
-0.026792820701699138,0.32616568933325985
0.018431197091217585,0.11637237768688001
0.003938766522827236,0.22518981330964405
0.017511506658766135,0.21636518796148432
0.024035001130342515,0.22400522003076134
0.016311157989907038,0.22967297082570143
0.02139247619899859,0.25631114922136067
0.009483440220064254,0.237273491965454
-0.0023693226101641762,0.24276341635096757
0.01581324404475029,0.12520024118978756
0.01891779109875938,0.2210259541981804
0.01946754273716697,0.12649460520000827
0.027821764848430464,0.23240698043840663
0.01617363164423513,0.5211244416537364
-0.01970751995134784,0.485214065029034
0.01998790607677073,0.20590224668033807
0.023589768425582913,0.2430146046583695
0.02259813109083819,0.2265065995001197
0.008474251538095223,0.1358867784305926
-0.012119815375094212,0.12179830089128792
0.007720741041180007,0.14947916518689983
0.0067572947014383905,0.08105656985309022
0.014367203766065595,0.4013212796008031
-0.009633157267783132,0.841989461792918
0.006422295325971605,0.18522722588917226
0.005109509207188237,0.1016393984650537
0.016338070047813957,0.9069429047065665
0.013385035989490868,0.41825530622101975
0.00616337898307634,0.1080602243762398
0.01601896212400311,0.2504381973611324
0.02199357572160382,0.20157136408000473
-0.007325604500807464,0.09989683571249748
0.012312009396100568,0.11421549436844412
0.01178522417229172,0.20322146254237383
-0.020207393117249783,0.24988999677389928
0.01935189434359333,0.13618185870387065
0.015149449486140526,0.1278934609327785
0.015142755484763487,0.18352131687605205
-0.027283986223281875,0.6363129063484763
0.01874320284717429,0.30423363855495833
-0.025520389068867277,0.4951704119318028
-0.03211433381994655,0.48423097206892407
-0.01222370845038373,0.29872559138605886
-0.038529962355639547,0.5754702059221315
-0.02816160785201649,0.5955655425510228
-0.02067896644066114,0.7313628227351914
-0.03224843153008772,0.5398349364140635
-0.02551328689791954,0.4337899328803095
-0.015642438172976114,0.2885261107476568
-0.02193757469006974,0.5899562146032231
-0.02881568794328926,0.47089078043994304
0.00047127399823454486,0.25557834659002865
-0.02459727000397871,0.5301587035226394
-0.0345597938879727,0.5415457434775
-0.01494634370018344,0.4135321986987864
-0.025870000961987327,0.5886855517103535
-0.027482357228607146,0.6206979244646573
-0.01853808341827512,0.5533811454474742
-0.02577533254807518,0.3290418784358798
-0.016412792519274577,0.3465791542802298
-0.01934544524828974,0.19695987766546072
-0.024883424941056165,0.35241137069294076
-0.021266405846434022,0.6308564247556558
0.027142677497799084,0.3542333362692053
0.027927807625248047,0.810170915740997
-0.012084848745418653,0.3708487447684772
0.010664468807923877,0.34035942051205853
-0.034212250066178895,0.5719506035933032
-0.018902607148038153,0.41184209949783956
-0.0071577374616977885,0.9577483315663581
-0.007955330402178551,0.8173914842941918
0.026719132270542123,0.6092920542285697
0.03437415781285108,0.4084593160168421
-0.020342552072605824,0.48524854185584343
-0.004727352496905479,0.6432343673425088
-0.02312790956950861,0.4712338615982769
-0.025405448173134726,0.6082243610661648
0.036158979849907014,0.7536027975582748
-0.028407544361728432,0.45604182629136136
0.010258230021817749,0.45014754070409785
-0.02090778698691151,0.2544293730164656
-0.02901226299755366,0.5808839384275861
-0.014028204318906556,0.15027752004741848
-0.026676192702393298,0.47637673196486285
0.014592051451722154,0.6460805422879664
-0.019926517188960796,0.1591699017453963
-0.019867359635974385,0.22024493298991113
-0.016521828541673056,0.42460119197195745
0.019825372465552993,0.29919547760280335
-0.0015047080257114542,0.715224810796276
0.03589190009394283,0.9016217181245944
-0.026347996172697452,0.3478728380037079
-0.010134962440238149,0.7742244296081088
-0.024315768214237587,0.49760558609942396
0.025122259276726733,0.5631348491560536
-0.034422730137162016,0.44141200543588505
-0.03322858566681386,0.7552840802705085
-0.025551001879476815,0.2539875961614288
-0.02425318202572052,0.4534186486583026
0.010918650364000193,0.8160408199272603
-0.0358019120384655,0.5303808300675127
-0.015724534923275635,0.3159050374989293
-9.60561984958419e-06,0.4953752048244267
-0.005224041933350132,0.7393687391046231
0.006926576733136541,0.2331020680881814
-0.032864524528818495,0.8367985361190793
-0.0358755460474256,0.6807470320222138
0.021246623167479717,0.3613544472056592
0.006038043339451238,0.35911426983312306
-0.03032227355335687,0.35475873371461764
-0.019308029588815667,0.20673135040695864
-0.025113497213304192,0.37183472213905483
-0.015486190393564692,0.19230958781304613
-0.04927424215684251,0.9639030845415043
-0.04318422506864794,0.9620809012733583
-0.0027379008400035265,0.2954818036655189
-0.03473261340268907,0.47890869703063865
0.000481423846240725,0.6747998747137702
-0.006953053413467858,0.565005523115215
-0.026224347632645695,0.2761865090038132
-0.016344056557537068,0.34578088105300653
0.003955365472324224,0.6234417845970984
-0.016845535190623345,0.2448889249418495
-0.008176858299791867,0.6542282299808357
-0.026058657503069127,0.8308234327155188
0.041412464501164314,0.9980390883023337
0.00943157531880856,0.5159778433264429
-0.01976009235044468,0.4948341608334319
-0.01587814320138642,0.3144833786243383
-0.027721082719883827,0.8817539775301477
0.01018995665494149,0.5568741078293803
-0.0009213231169213909,0.5323324851126554
0.01576839968114685,0.5631081275727424
0.022756338090994865,0.969115017406103
-0.005655913843360505,0.6816332796619721
-0.003156901764318154,0.9787476848710199
-0.010431865875675461,0.8756913623089134
-0.006097037625846791,0.8339468644760454
-0.0011715590235023832,0.013750022314115139
-0.001164075894082437,0.01321980845477555
-0.0009109555770337938,0.012534843438814959
-0.0008567232854621229,0.01505644096779676
0.028459245996393323,0.42187014840301534
0.026394146681401942,0.3955009817729671
-0.033358737724366205,0.4926444877917599
-0.0008660295801349062,0.014921526915420572
-0.0008659479468394824,0.014921445282125148
-0.0011253268784088295,0.012695880424148716
-0.032275833397047926,0.4457811472459323
-0.032275833397047926,0.4457811472459323
-0.0008252397104206652,0.009507032489927927
-0.02521061465082769,0.24221216808976956
-0.0033539666214486563,0.071165829601705
-0.0003855853427199192,0.015266676138893574
-0.0005654253950885708,0.006755743650263873
-0.026397711375518662,0.43890219043628587
-0.0009197448546484077,0.013320517794420624
-0.0009915012823459354,0.01165047338650638
-0.0009771608818645357,0.010524547857743956
0.01531598317214411,0.418372832195856
-0.0008825196790508416,0.014638691766386363
-0.027210733172794044,0.4205886009562936
0.00489796789099034,0.40312098626340354
-0.00048490690396848016,0.012895748055357927
-0.020106085127251122,0.24224405983438171
0.02828272573516155,0.32478446657791576
-0.0008972954602014128,0.01433835969541835
-0.031850002415864,0.9552953339436214
-0.0009129420088774803,0.013852228282737779
0.02506231259569741,0.38631779198748184
0.032038577320556705,0.4719195613200835
0.0017148887715177086,0.43214046027939246
5.507584490505035e-05,0.6842106061115032
-0.020184045747272394,0.15358786681706935
0.02823254793747909,0.3690542354813698
0.024753191247114725,0.54083982569607
-0.032091911639691606,0.43994052251407895
0.0036299445025150257,0.3758695720683828
0.011186029448234769,0.23120456370131487
0.01137430502775072,0.24748897289681226
0.021409619373558647,0.18134677336599794
0.03136052399785455,0.404976775593927
0.034317177169397695,0.4150489341568602
-0.03430373474754023,0.5371921937939319
-0.0011775727381368138,0.014077402501576013
-0.00047102909525472553,0.013806785265687144
-0.00043434814781380567,0.014591343953881042
-0.02948318324841448,0.43400656272451293
0.04809811162239275,0.6798059262294316
0.009780153177812223,0.3655002379559339
0.014936520391546082,0.44361805972898555
-0.0009058126268312802,0.010718782732790956
6.955230397246749e-05,0.006909351925281055
-0.023985639674895087,0.7267580575300293
0.017045783783398355,0.23220126235606026
-0.0382276438528279,0.5254486030415942
-0.0007495376363213929,0.009208741276094126
-0.02379856139299269,0.4814867309749172
0.014791320432577748,0.25140433763055875
-0.02923392695375293,0.6931648120810536
-0.0008308996776813498,0.009955149598968012
0.007153465272833712,0.08091292094529637
-0.03183324019977618,0.44790485988575346
-0.0007069790266448356,0.008706038125015043
-0.0001694180933776747,0.009802248821791901
0.01749898942353756,0.36774539501208175
0.01901463642220455,0.15361929596991383
0.015029637751190206,0.3302088387373363
-0.027366817685614553,0.4370766873800967
0.027870772556504164,0.9811394024534341
0.01820164183602771,0.24330413380878071
0.013865344171413524,0.24746519014616572
0.042429408426631676,0.9570869860344533
0.019806324495538263,0.27250355672153215
-0.03587543720303171,0.2898741356101941
0.015383875577454575,0.35731578768232825
0.010842730598019545,0.5170742172898106
-5.2926146470582205e-05,0.008383147815206137
-0.01253092500041808,0.3760584463013459
0.0077818578149116135,0.11007691463351103
-0.022737643868353807,0.3314783043264051
0.026215694413616986,0.29272188881483113
-0.025384277715783943,0.5054559893952902
0.02076868238206009,0.31912520573541353
0.014520948099668696,0.39413720151735987
0.010231862185880347,0.6684628326626441
0.005973225816110622,0.24253802444024797
0.013141412450991527,0.11362800053738077
-0.035196485904799124,0.26828894837313094
-0.030996925454720436,0.48521782020084003
-0.0030174161979009406,0.2373879974774238
0.04506251821581542,0.9305775174988464
-3.5864605205992994e-05,0.6410468712134634
-0.00909856237518536,0.9361589265657213
0.024568915736197572,0.7067251166119658
0.0017009837517055204,0.3647049579835722
0.02875778211320701,0.7803605427859045
-0.030882011770086315,0.6252867165848681
0.023989911860665625,0.457052429965919
-0.018407359915280475,0.38500786306497403
-0.018407740873752743,0.3850082440234463
-0.01736129980818124,0.3743858440223329
0.007261603322795351,0.49899780225301416
-0.034825621924126415,0.46405748433922855
-0.031240195245846036,0.4770742686382489
0.019639219373373096,0.56941164519788
-0.010471376808293548,0.21725260568775784
0.02923400858395475,0.4937184939970696
-0.015296663088051055,0.28110700792254595
-0.015296826354641857,0.28110717118913675
-0.007072076017281714,0.37276126983947416
-0.03396332030469906,0.4563539681028105
-0.02181359961374274,0.37908277418941166
-0.03276667238235542,0.5733565070748242
-0.031907037481514355,0.43236177048512436
0.001815434844571917,0.5139924461634303
-0.017603263454205764,0.3561931819416091
-0.0160469354302184,0.304364906283016
-0.010108730665980337,0.35016126116427976
-0.016815820358637767,0.32935382976963956
-0.01681625573930695,0.32935426515030874
-0.011752815410621398,0.36381373066020223
-0.02349765788586311,0.27547917622979456
0.005275389817547715,0.40515884697802557
0.03032385181562991,0.6522071042681095
-0.016660851516322517,0.3656740915047666
0.0166964984296471,0.3299191463172407
0.01274491534332095,0.3906451098967921
0.004372760923267327,0.41990717342335115
-0.013602101220550722,0.3280209616467251
-0.032073598375522816,0.428606898508555
-0.007741965923821342,0.23625665688438055
0.01202384081608096,0.08580190907788919
0.01303735611220469,0.5677815198921545
-0.015906579099369322,0.3556508045913211
0.004041707197295852,0.4036703025180484
-0.007897941589154411,0.25366710045303426
-0.02822509201915757,0.589770415258417
0.0071186619097490245,0.4653632499172661
-0.01214180217777358,0.1791035211083984
-0.015444556970516998,0.30778110534560804
-0.01523853956608745,0.30936478081435864
0.019626293962386687,0.364125545935376
0.004883409798627558,0.4991479274703037
-0.011351828422205279,0.2982632427209313
-0.01394281498547506,0.3301432048717607
-0.01495039819716626,0.3377811144537017
-0.011210029890762752,0.2502247784605783
-0.02176532661460856,0.29185302925261264
-0.021260473765094934,0.32197676853405344
-0.009324335247470839,0.27177216908278873
0.029142088521924348,0.6688103764875314
-0.012952810335200293,0.3145189166963625
-0.010566426180677935,0.2548667144160474
-0.011497463764936378,0.29913297305067527
0.016005574121249033,0.34132482607563897
-0.013236271342593031,0.32496528623911025
-0.004050305997221115,0.44895483843434314
-0.030472589254522897,0.5258166914654739
-0.011176124503208429,0.2792284154502018
0.01147588513492126,0.45389650781042673
-0.01187942998824909,0.31341696439593597
0.028430565195430635,0.6693009433587606
0.013120133146153234,0.7867855048242752
0.008679071641817582,0.4913007623291853
-0.03547869519238134,0.5981677129964152
0.002977878054184424,0.29796291065305686
-0.002255306904154042,0.4867611139725406
0.028060408709505325,0.6719691014140088
0.01991454417879529,0.39869372093139266
0.02835584273015712,0.6797255165827054
0.011943131847271582,0.5202389287229175
-0.007211915331072627,0.40146299649895023
-0.038317060469050035,0.553927386813962
-0.04286245042625092,0.9089842756900147
-0.04102146409106999,0.5158427387963774
0.0023445058254012996,0.3690065611325892
0.013302422222133292,0.7476337895057378
-0.04163965236294476,0.6734107606563419
-0.034733973973080645,0.7713100085068734
-0.044352981321165275,0.8120942165214522
-0.0456351546293392,0.9039271756122389
0.02835758425592738,0.664856017838225
-0.01727857719333603,0.4972686547143105
-0.03097994555293837,0.7057240913461593
-0.0006657809873599208,0.6105317233523575
-0.03891650009608694,0.6285861515895683
-0.023228972656527402,0.4928346409587256
-0.034412308178171036,0.4120263477945647
-0.018941138471830432,0.5220793980441338
-0.0012328118527263898,0.5902986426859129
-0.005306655700707763,0.943438788727395
-0.01638887370694847,0.3104419163269287
-0.002807017760213304,0.3613439708213777
0.02867938610942289,0.6726453859967487
0.028154832220437687,0.6686928505096016
0.028463137223691648,0.6764791165719634
-0.016280354698514632,0.5527593652703843
0.02221665466420447,0.14430913785633356
0.0228735647406543,0.23678646257414945
-0.00571166997191469,0.22286125335190848
-0.014800245768778308,0.5092033782424397
-0.0007043123080585547,0.013186719406362629
-0.0007043123080585547,0.013186719406362629
0.02590760709605716,0.45644958891445
-0.025104843991181958,0.19391775352719076
-0.0017363313460404262,0.16242528151762953
0.01322579496140508,0.1319254536658309
0.0030789139331982573,0.576102380847114
-0.0018735311554370915,0.26228350427613295
0.032783706709427984,0.9380050830652967
0.017271284541605425,0.22211081774315025
-0.020345545324373826,0.37922372917061437
-0.0011164831785972652,0.015481101862465558
0.026898945108718653,0.3062636623927867
-0.0043989382784218045,0.27570707158941604
0.02074555270396411,0.47492290923158137
-0.00060850101872972,0.01485420594627164
-0.000608773132808044,0.01485420594627164
-0.019446072951545768,0.597706262306818
-0.0248017635714258,0.2686870781652715
0.0032286854000205256,0.6302515700643382
0.004016074073391551,0.9424337633868026
0.029375888754879953,0.8354664571273013
-0.009433289633480335,0.9221921655568217
0.00338109637742412,0.6870977614012708
-0.0006671143435594638,0.014086137356993678
-0.0006671143435594638,0.014086137356993678
0.028927553953958407,0.5564650118500921
0.034059186019318344,0.7854925285955446
0.0038537853651536835,0.8743025475797556
-0.0028390727714163178,0.2750963392358628
0.0035363645449161263,0.7466880849878162
-0.05094360628110761,0.7892905578321441
0.0036939184725222063,0.8090723648680963
-0.002569543991840728,0.9683114379589928
0.00420660820192309,0.1276268437685819
0.020079771716604244,0.12632265644972382
-0.001388515407074702,0.014150655555157531
-0.026416160695179824,0.2564073414722553
-0.0020333980480685687,0.7411439010965389
-0.0327625362520772,0.49848133014380236
-0.03394593223025272,0.4225022144836038
-0.00711338290096053,0.2789072394581582
0.014585330239246574,0.26621032499989317
0.018155681805012425,0.2594556970170411
-0.03487378607577313,0.42219439928012226
-0.0058207604226972465,0.2879810666818762
0.007467865630204802,0.051654313265366486
-0.01687530444789942,0.4679941011636213
-0.016749751112392963,0.3521972987167425
-0.002270273166087522,0.4118255821878251
0.030464044879888075,0.9058637011257638
0.01888687896297303,0.513877233156713
0.0031616909702404383,0.4737300981143392
-0.0006018070173526846,0.13560075954900752
0.014732108457394477,0.5447225639762647
-0.026087909743287008,0.27057296328934627
0.014046408732494242,0.4258811611594998
0.01851672247704783,0.9020656991033562
0.004010468528327815,0.46655793861886447
-0.0044521637469756015,0.2545797703478334
-0.018379767570630978,0.35544149460685315
0.015972974881889396,0.23676202674785876
0.011595996188861285,0.20977543376597382
0.013862595822625362,0.13094116340192016
0.005321594751542785,0.08833237751778103
-0.0012558054753299963,0.5200242853074643
-0.0003683605379580235,0.49077767785189186
-0.019234177887974158,0.3640761844799285
0.047276218911113776,0.9527027691180786
-0.01834964456907473,0.4996719915595164
0.012603252864277159,0.35439616920559985
0.01769436717400119,0.5418473816966627
0.0007493471524449014,0.28966390044219087
-0.0003093118293654995,0.25064508553308745
0.0025286452777326107,0.48760474858042546
-0.01933951316385718,0.3653624939183806
0.003571548869566621,0.39065368148252533
0.014158601279438687,0.494365607972887
0.021522601048545975,0.48519395581689806
0.010575950167232062,0.170490518709732
-0.015384610286394096,0.48730814447016496
-0.020581549677960886,0.43919117535854046
0.024229943500137074,0.6920711592553755
0.00508210734022807,0.662258636598755
-0.018356773951120953,0.35164264903111225
0.004039584709959798,0.1995543744975567
-0.0158978170328532,0.6224295482411644
-0.013096051070329906,0.44670731398787944
0.033073997779877295,0.9247727845832975
-0.0031043565763197445,0.31524480763443613
0.02967371737694613,0.8469250358179781
0.04478341102748862,0.9950969932231534
0.027698170733669203,0.6412793380871258
0.04119441966127868,0.8359735957338355
-0.01661268736158228,0.5385477562111796
0.023519699107645953,0.5041433665461912
-0.01743700188228048,0.1429048942672874
-0.017437273996358804,0.1429048942672874
-0.012345588250473202,0.1228526604762293
-0.004494749570844239,0.0424393950049535
-0.0011876953750445708,0.018979588156139995
-0.006272278953076027,0.22625565609569764
0.004223424837114298,0.027028852266384705
-0.02622021150236742,0.7586568499589921
-0.026220129869071962,0.7586567683256966
-0.01137234580700551,0.051492541574186756
-0.01137234580700551,0.051492541574186756
-0.0013838350486398317,0.018203737112265285
-0.0061621816823691465,0.031083729774553245
-0.0005086080182260394,0.01863411239639172
-0.0005086080182260394,0.01863411239639172
0.03695246387120793,0.43210380654305
-0.015537837602939086,0.10678986080854702
0.027251686309099105,0.22930188915314734
0.03749612015859205,0.3837739627559344
0.004469034807457365,0.02733345652312331
-0.016758594815298095,0.127019403995067
-0.0017315693543101182,0.018340855288366535
-0.04568533242392803,0.7397865699393289
0.01954661902460003,0.1769508827646346
-0.011747944574497203,0.056073115856038025
-0.011747944574497203,0.056073115856038025
-0.001568845262309472,0.018565893451712393
-0.00090562214604838,0.018146756468811906
-0.003790600526282953,0.06820022388286287
-0.016785343606614184,0.1314062332047374
-0.0009058942601267023,0.018146756468811906
-0.016785615720692496,0.1314062332047374
-0.010881370766205656,0.12666228176142852
-0.019717669799353965,0.5656243372485418
-0.00107680897629479,0.018589240821689782
-0.0017017728859355478,0.01837364500850908
0.0016675953843029029,0.1011362055111085
-0.010877452324715237,0.12673020138093105
-0.0007569119182538643,0.018332202066244294
-0.0007569119182538643,0.018332202066244294
-0.0016463705016615815,0.01844232654804963
-0.00152664040310024,0.018597975677107446
-0.012144251201384897,0.06107549383318891
-0.012144251201384897,0.06107549383318891
0.019226477066672826,0.15481754936253533
-0.0015797298161616714,0.018523171575444992
-0.0015628859698719882,0.018544695783263117
-0.016162692665092376,0.12079128912194545
0.03636989530155926,0.35460085325382984
-0.0006268414939969678,0.018495198272323262
-0.0006268414939969678,0.018495198272323262
-0.012553673720041902,0.06353148471078714
-0.0014531968718294042,0.01867092940241859
-0.001309847289212348,0.018849490520784624
-0.005136121943011933,0.048850941832565296
-0.0013521065706185269,0.018789162875095942
0.010242719531727618,0.2984835188925469
-0.0014202983041993814,0.018715311174254408
-0.012562381364361094,0.06653262850165353
-0.01272189450961881,0.06572015092944128
-0.01256265347843942,0.06653262850165353
0.034104084805118784,0.332222671798332
-0.015568967427513222,0.11099875476439702
-0.015568967427513222,0.11099875476439702
-0.010684360331272041,0.1107066133237836
-0.014229568575999732,0.0867900905690983
-0.015003297132538382,0.10197115968577264
-0.015003297132538382,0.10197115968577264
-0.013002933707592236,0.0724796769657032
-0.013002933707592236,0.0724796769657032
-0.0054397193798262425,0.05203976255259403
-0.014465028701430141,0.09365451649748047
-0.014465028701430141,0.09365451649748047
0.01015237772887656,0.21863578766384711
-0.013466261981545644,0.07895454468767808
-0.013466261981545644,0.07895454468767808
-0.01395323694755965,0.08599810317058783
-0.01395323694755965,0.08599810317058783
-0.005853468506450792,0.056623112394331904
-0.005805331565902558,0.05607782342557137
-0.009581700539191579,0.10620171390802671
-0.0025695984171312525,0.09724780726365302
-0.006192467956703418,0.06052108905053849
-0.006654163549280459,0.06609417143465998
-0.0090180983031687,0.09780232089069733
-0.006601591150183626,0.0654040362573984
-0.008549382176032932,0.0910415159204328
-0.00703479641639361,0.07076359089038473
-0.008038053020117245,0.0839267996632727
-0.008589246859118216,0.8298384077457621
-0.00848301360461133,0.09011064160895234
-0.007492464723086331,0.0766390461964213
-0.007974813755956003,0.08307279751550023
-0.020642503185101635,0.4448500552425705
-0.006042832542279997,0.3086758973600012
0.04082714757963407,0.45760381428570296
0.0018827830248192567,0.7346850880928109
-0.04834312294238219,0.9915757582067616
0.010900337102924984,0.2546030632956139
-0.010245658361298648,0.5837773251269631
-0.012512067508092688,0.05771235697255983
0.007842457571585082,0.36161496901883233
-0.020412485338144104,0.4305852207117184
0.04106244443847362,0.7936988024021452
-0.01565500983040158,0.5485195319676495
-0.02139081630652373,0.4984216555737578
-0.026617688221957425,0.7676860505109879
-0.010240950791765305,0.0440736836520557
-0.007247453400003281,0.07764847978137021
-0.004747869884799303,0.01803464555825646
0.03413467040462992,0.5236946659292261
-0.021664807755746363,0.4924313137941856
-0.006677946299927011,0.06589264390788235
-0.016244027501541025,0.400237504509053
-0.01509878188868552,0.4574361921464797
-0.007224378147197792,0.025600771504495003
-0.02554520585672382,0.5529984717232268
0.03972511365209919,0.7345318879873644
0.035558941569423075,0.5725167636942378
-0.014385870777608098,0.08103852870299977
-0.011923811763178485,0.09594468118691618
0.016738512811167006,0.6127952753059696
-0.01924157938409865,0.546740016153574
-0.008172395630144727,0.07358992873469108
0.03835872110010263,0.6779382999473287
0.0369683553228638,0.6239311813787188
-0.017941011181554223,0.5593354865632545
-0.0072734674885669495,0.026219667274210802
0.03525537134680079,0.7990865480332282
-0.009598816499559584,0.042460102870536656
0.026211939238717452,0.5006165531989277
-0.005174081827549042,0.0193171998279961
0.03572367930127229,0.6660925304405605
-0.012348527080044247,0.4817980020250279
-0.007155016320914649,0.025998084954400567
-0.014232480194472291,0.08323157595491198
-0.009510161803375432,0.038119669072550676
-0.005335282079473647,0.01979051468027131
-0.010090362979614569,0.04199734603583837
-0.004169246967739576,0.018265289269759635
-0.013438533575216613,0.09337470181131272
-0.009928972246907072,0.08497416591856667
-0.00463951414295628,0.01883705491575791
-0.01057448075244656,0.04894661706640176
-0.009001417726563439,0.035720005765855274
-0.004606207408849138,0.018969737636404138
-0.008985009260942936,0.07774899864332596
-0.006004355643778325,0.47470279632965023
-0.03513893382518429,0.7870129375921291
-0.016146529102451707,0.11013683410653544
0.004218553997896557,0.19152655296183468
-0.003634189477187119,0.0867638860028453
-0.009295518387922086,0.07931123153755383
-0.021805762733855483,0.8360392840185144
-0.013047233843039047,0.0822286458905572
-0.02860390172411148,0.40697632267663814
-0.004825259065565465,0.020127854234955514
-0.010298421238084804,0.04985915090261496
-0.010133683509329146,0.04496235310432692
0.008621954942871879,0.3236856708020352
-0.019225687938629887,0.5045728710689793
-0.0040558299058958865,0.0212302963351546
0.01256537461612911,0.3538743092401121
-0.021926363599942322,0.5219102792790264
-0.008530034880841364,0.947412385827499
-0.010337306309250782,0.08091602304145824
0.022625968338467528,0.25592583599271906
-0.008794284651628508,0.0373322259769827
0.004959166298017348,0.33638019065579233
-0.011940410706488318,0.06449212827954369
-0.005055168068129098,0.03821605180113463
-0.010201766395422529,0.07407233218975771
-0.010935467002284954,0.07495596753622032
-0.005610742940388231,0.02604513344172909
-0.011281541412386825,0.07144537217379444
-0.004489334503469826,0.02566305836783532
0.006680204845849025,0.4292293317551018
-0.013910270168312422,0.3418355021590041
-0.0066234691022819155,0.02990852442673234
-0.004994078505495967,0.027945794346954454
-0.019051018047562263,0.5962273778888874
-0.008987213378480838,0.04237667275785044
0.03474175643077104,0.9635846841124409
0.00588851677251534,0.2618492105505161
-0.009049200919737932,0.04337309930161109
0.024549405174415173,0.9147841105552474
-0.008400699159336895,0.040284824651543004
-0.008750664802924281,0.04424247588088772
-0.0069698700517526364,0.034545888871254087
-0.005734690805616796,0.045684271178713175
-0.005816379386345605,0.03458670594897323
-0.007152295183224987,0.04942654428366499
-0.008526388556522865,0.05521024279735552
0.002435745603782735,0.2605821667739601
-0.008674527341968684,0.049654058684814234
-0.008260968693033464,0.048002109849187395
0.011219553874223298,0.4189902857618848
0.024253290870114352,0.3437322718369311
0.016668361856840952,0.28795140626899396
-0.009191570893529177,0.8279367400175189
-0.005828597299490942,0.010756851461721966
-0.03887315235836741,0.646582320249323
-0.0038783028247397714,0.013032213155815053
-0.003982032630344877,0.013182202317612185
-0.017894452497091762,0.5384422848767106
-0.004478368313228627,0.012741922088459371
-0.004852987468800922,0.011588621903835234
-0.030501841491647252,0.42552708659982624
-0.006402376588431379,0.011065319734660472
-0.004890457547378336,0.010822811860479281
-0.0048059934036693485,0.010678210554958087
-0.0048059934036693485,0.010678210554958087
-0.005066814542019311,0.011722719617070028
-0.005100937621455,0.009231898165288615
-0.006304143486589688,0.010789396278884665
-0.004471075661498002,0.011537328441834593
-0.003921841043242145,0.012706220749844269
-0.03377205147032153,0.465163137383077
-0.006452772077995205,0.011299119967616048
-0.02499714132498304,0.4638963929316979
-0.0063851517805758986,0.011064421759130078
-0.003503901361048849,0.012594137050387299
-0.004057462593459403,0.012910414992114599
-0.005951456708406213,0.010626644978879121
-0.03159149424563301,0.44281785449520916
-0.029576872053500902,0.454498995114522
-0.0057936306698153864,0.010614944082791953
-0.0046581539434003266,0.009847093185395363
0.02953885774676679,0.3553300095577498
-0.033664756973693366,0.45984350185227946
-0.004085789643954878,0.011903348797481597
-0.006252850024589045,0.01077021225337755
0.027796050091230706,0.43282060887833224
-0.004131668041674685,0.011798204002381504
-0.0056408931561365465,0.00954055691901002
-0.004165491795933576,0.01233843165423495
-0.004329331552252413,0.010896799619906769
-0.004094905457844765,0.0122017216477044
-0.006132956656343278,0.010497935121920265
-0.005350193919210168,0.00983898419142977
-0.005889197059257948,0.01049526840642756
-0.005680975531103295,0.010596168226855534
-0.004889858897024741,0.011332698815801514
-0.004488382105742482,0.012344037199298686
-0.004180839016339269,0.011882749779385917
-0.04161429135311878,0.7381044164657568
-0.005144094878391574,0.009463630330011503
-0.005971321020655926,0.010412763483463783
-0.005889387536947269,0.01000429336253412
-0.004275480219152962,0.011868817548475213
-0.004689691940638733,0.011978805971694598
0.04594977267859168,0.6874849794284605
-0.05363385998342918,0.6754902275829131
-0.005572891903338594,0.01059638591564333
-0.03155682694113421,0.4677126265849787
-0.004302419491251925,0.011916165360980535
-0.03784497012858057,0.6281437488730794
-0.04089223721705293,0.5408198253283278
-0.00579235173581277,0.009923040165568062
-0.004760713656303138,0.010067750315483156
-0.0050932912192570515,0.009627796622605612
-0.005857060411665944,0.010167616104888361
-0.004464572140903872,0.01097652898298394
-0.004380516169859157,0.011511532048245872
-0.003804179006726335,0.011599696938470332
-0.005263607285071543,0.009592122495088985
-0.004777094910825174,0.010099642060095308
-0.00445096644626844,0.011758312108197656
-0.0052485593898426485,0.010949072693826806
-0.004761666057124057,0.01162165652695763
-0.004839708313534342,0.011379964995011411
-0.005290900307637829,0.009727716834207768
-0.005600429825791153,0.010322149566534412
-0.004785884188439788,0.01150519179424259
-0.0049495334670693015,0.010548820414350213
-0.00485315073539177,0.00946548070326924
-0.0055339796210741405,0.009843718972061587
-0.025287024222768073,0.5634808963550569
0.031553860897371167,0.3156122701937702
-0.0045587235377578675,0.01114415112220725
-0.005429787220607813,0.010331374224818198
-0.0051761771037866266,0.010832880075190088
-0.005321213793070569,0.009877216190045205
0.022358589257326478,0.5839949073719876
-0.005176476428963425,0.010709367593724272
-0.005355935519766276,0.010155751939116768
-0.004920145168265429,0.011011141865285748
-0.0041143888116222565,0.010637230207554523
-0.00489002216361559,0.010961698776542843
-0.005092991894080253,0.010695544207207466
-0.004455946132973682,0.00985114768237816
-0.024511744615054898,0.5876723357425002
-0.028497015400147596,0.6958105479529534
0.0003897486871902167,0.6738507143492194
-0.031464716398320824,0.6414702531741295
-0.009316770478568381,0.6585243908513798
-0.03138857893736524,0.6541685009885941
-0.05137746462296178,0.8492966713993548
-0.03284376223794483,0.7913723105126423
-0.05797777683914285,0.900320388002012
-0.0005835209673759698,0.009720832352047841
-0.0010072838865143752,0.013609148969301469
0.03609519635758912,0.4657135148829367
0.00015695527415890767,0.018765570605232283
-0.009097038535109375,0.09909733797346859
-0.0005237919751344584,0.017671863357357282
0.020877691196453718,0.1745640088072461
0.02702904274716761,0.27436535976669
0.034978141742830315,0.4495336518321858
0.03630004367241002,0.4793671544684679
0.006515358266512311,0.06490364607443828
-0.0006945978469086456,0.01821328830991792
0.03917672258408322,0.6129593871763667
0.025966601382452686,0.21607405333770163
0.0329402538171098,0.37167836551215594
-4.669473995477444e-05,0.017721850674256835
-0.0010387130331717294,0.013447649389106489
-0.03612014919784434,0.5441629890292198
0.03486483353156766,0.34977409755928685
0.03019454330831739,0.25210426890845283
-0.0005042814102584961,0.01777670882728058
0.03544819122925924,0.4600082940063256
-0.0012035324045035368,0.010029545531059772
-0.00022759603444466765,0.013071370341059355
0.026946728304986733,0.25340701402362387
-0.0003130669980779474,0.0187841559803858
-0.0006470051314234788,0.01844570075828983
-0.0005220232351721473,0.00882612197404371
-0.00014998916179713266,0.009531658797001507
0.024218324237345268,0.2828738704428069
-0.0012924592116724427,0.01138652293780249
0.03508652469577178,0.40073348644456297
-0.0003168765920808954,0.01875830516460013
0.032078659692429956,0.41207919230773987
0.039502660567857006,0.4890785172592521
-0.00024087518971124995,0.01211374723516926
0.018326269984905275,0.5193742597131743
-0.014337107972514196,0.31256002342168604
0.0001381249960255397,0.018637459398627022
0.03610341419904223,0.38992838919480527
-0.035097599727313356,0.5115950958248539
-0.034651360205723014,0.49486120894992475
-0.0011132178127509652,0.009702219765795847
0.032006767209240006,0.4255382704819488
-0.0006958767809112643,0.018219193180158456
-0.0005432481178134739,0.019036106207825726
-0.000545397813154434,0.01225989959186497
2.1769126265849814e-06,0.017954888984080816
0.00011026053729771071,0.018498790174444835
-0.00033429188071927574,0.01864973173396931
-0.0011607016807486572,0.010256651759544742
-0.0005874394088663942,0.018772536720687634
-0.0003395981006062143,0.01862129583598636
0.030701763548146965,0.3614056046121675
-0.0006448010076984187,0.012729377639038758
-0.0005658607757577424,0.011066734727249037
7.885859555167504e-05,0.018340800866169585
0.03732327342968367,0.6268889774318658
-0.0009464664348659956,0.009069337342972394
-0.0004395183122083736,0.01809861952826367
4.408244665901964e-05,0.018159518610113893
0.03889688068681707,0.572714399993717
0.03330477754687283,0.3658076177756527
-0.0004316542181290496,0.018140280159316253
-0.001084346531005264,0.012805651155486727
-0.0004022115002218045,0.018296419094333768
-0.00021975915455739806,0.011526634365671716
-0.0003949732706881315,0.018332719083302466
-0.00019676553504733262,0.010907167159794371
-0.0005369622860071453,0.009430459651396736
-0.00316808564644068,0.06255339864538731
0.015516830412179133,0.20757245435793675
-0.0007461362087955621,0.017955161098159138
0.030465378236087692,0.46081960148892914
0.024976923262266026,0.3189586720525035
0.03244125141563975,0.3552442664800382
-0.0009918550297196831,0.012910442203213074
-0.0007777830535214449,0.010743953264927606
-0.0005452073354651112,0.009724152143184669
-0.001020236505505685,0.009827745890203823
-0.0001281928429942604,0.009332716352421165
0.034239978466320764,0.5176991811994515
-0.0005628131017928143,0.010293604821063985
-0.0009807799950845835,0.010073736822112688
-0.0006129908963816901,0.01184693959328334
-0.0005666499068942357,0.010261522598762509
-0.0009684532344517698,0.010027667943609984
-0.0006195760533648197,0.018595145691930316
-0.000886546964935165,0.009864127512467945
-0.00020092887642402836,0.011984547575344284
-0.0006050723862925707,0.011604186819215878
0.02853075752111106,0.24867979758221076
-0.0005863509525531,0.010953889110847622
-0.0008101646040932949,0.010728987002994135
-0.0008541109921663646,0.011777849884172095
-0.00016582618816252288,0.010738538197553193
-0.0008670636111576743,0.011486851318975342
-0.0008980845944314853,0.011755699817995475
0.029158197662368046,0.5422596886196002
0.03944159821632243,0.6539643883796192
0.04168814305396035,0.48728515084756135
0.028012598302138758,0.26902199590744286
-0.000691631806239143,0.01764486966306137
-0.0044888719117021775,0.03839317071581362
-9.284524865932689e-05,0.017184044834916246
-0.005189728376225111,0.07168456025993238
0.025141280035642977,0.5335242621957813
5.646362639520619e-05,0.017997474804855845
-0.0006254265014084028,0.018237179904958378
0.00796588841975543,0.5275005864679099
-0.00131150718478076,0.014918560874751068
0.03794099910979076,0.4326946201621566
0.0016677042286968105,0.05674697862317147
0.012857570482033065,0.34266300041534675
0.020142847707987466,0.5166569851054584
-0.004882103650432901,0.11656443564930043
-0.029899490249231442,0.3508278584938746
0.04591921428708545,0.5749583597491577
-0.0013775764310255522,0.012722275468091033
0.03385545436881565,0.7401005893382278
-0.0009148740154306407,0.008483176871202192
-0.0016082745616320983,0.02629172302399155
0.019591327332711128,0.16966359189264443
-0.004327780504171475,0.0334649165535826
-0.0009503576621643691,0.007743680238493132
0.011317950245749442,0.5697207937575611
-0.032760032806268935,0.43854139466723036
-0.0014719455166673466,0.013984285138838362
-0.005530061179583712,0.09514096568122006
0.01714834349939473,0.10760198463029196
-0.008297595218277443,0.2469898888620468
0.026305600832705334,0.39659471623194054
0.043458243728969115,0.513626861191546
-0.0023868195320979613,0.43662693758658666
-0.0007121491910394018,0.012142564094718011
-0.0007121491910394018,0.012142564094718011
0.03665719312024057,0.3625596939248345
0.003450349353126214,0.4391670660716186
-0.008026624235014823,0.23969783599832634
-0.019936095597711923,0.27163271072747003
-0.0004466476942545719,0.007935493301027274
-0.0004466476942545719,0.007935493301027274
0.03536938705590448,0.39521352068769494
0.020714395665197893,0.37399574158776894
-0.0048074900295533365,0.06600181598886677
-0.015447223686009703,0.21183288667876723
0.04044607932875821,0.4680846606552601
-0.002033506895555981,0.4016966606733198
-0.0014591289531684093,0.014014190451606828
0.0033834637646464882,0.5849628980146716
-0.018183437422439996,0.6010937805715408
-0.0002932843191236628,0.10166576629789754
-0.010750592844107676,0.22403969685757077
-0.0015468312516252244,0.013795220428185925
0.03598305823593517,0.3999256620227807
-0.023279531412682075,0.39021282981411737
-0.007169737679868268,0.07587848795075533
-0.0005803372348250919,0.009226483097914202
-0.0005803372348250919,0.009226483097914202
-0.00966428709545078,0.13698636333760966
0.04059576916537844,0.4513044600019421
-0.00789737015299289,0.044165522080790734
-0.010789450704175196,0.05776473889396735
-0.03551080462887479,0.5246833644374934
-0.027842200599935307,0.39317138778420874
-0.0011956138882272642,0.00982897040200949
0.043057283951651426,0.5099240718081138
-0.001218417030048007,0.009905652088028157
0.03612589080458767,0.39513893427791386
0.033168394076617536,0.44229915105117384
-0.0010507948908246969,0.008545899118305257
-0.010679843239427944,0.791113557442525
-0.016153848965280826,0.3937142821515549
0.04022996649851929,0.5246729696896009
0.018956730595215854,0.8287043460119357
0.043305778332462186,0.6134970841682198
0.022616662043794755,0.7815320473841163
0.027933875762079508,0.4377400193407517
-0.012794059103793498,0.8055308573698841
-0.004682399288908123,0.3608301926387571
0.024810498426843575,0.9048009332247735
-0.0042731400399355635,0.27866513975354773
0.02852711119369894,0.33664370572073343
0.026536979250054493,0.926524680841625
-0.009449017818545347,0.4471340973698843
0.033865277680546646,0.498990536812382
0.04360842337154913,0.5992148615598278
-0.021332910473347955,0.8159140964990516
0.036257757179905314,0.43626905343600375
-0.01893365533931679,0.3645631594490361
0.04006076610011655,0.5185753878355974
0.011300643804598498,0.4767072686737761
-0.02364147006024786,0.7629949707888591
0.0351394780502472,0.5304736753192656
0.03716650863630766,0.3850698506031376
0.013985509653737571,0.5839925944038685
0.0345280382019465,0.41294660966627134
0.03731715087065529,0.4855735818640869
-0.023661443219985034,0.35319976618623605
0.004196267873133985,0.6360073769051088
